pair_id,ref_index,kind,expected,operator,status,candidates,matched,predicted_type,type_correct,coverage,precision,iou
R00000,0,CLONE_INTERVAL,T3,t3_delete_statement,ok,1,True,T3,True,1.0,0.2381,0.2381
R00000,1,MUTATION,T3,t3_delete_statement,ok,5,True,T3,True,1.0,1.0,1.0
R00000,2,CLONE_INTERVAL,T2,t2_rename_local,ok,1,True,T3,False,1.0,0.3636,0.3636
R00000,3,MUTATION,T2,t2_rename_local,ok,5,True,T2,True,1.0,1.0,1.0
R00000,4,UNTOUCHED,T1,none,ok,5,True,T1,True,0.6667,0.2857,0.25
R00000,5,UNTOUCHED,T1,none,ok,5,True,T1,True,0.6667,0.6667,0.5
R00000,6,UNTOUCHED,T1,none,ok,5,True,T1,True,0.6667,0.6667,0.5
R00001,0,CLONE_INTERVAL,T2,t2_rename_local,ok,1,True,T2,True,1.0,0.1571,0.1571
R00001,1,MUTATION,T2,t2_rename_local,ok,7,True,T2,True,0.3,1.0,0.3
R00001,4,CLONE_INTERVAL,T1,t1_reindent,ok,1,True,T2,False,1.0,0.1143,0.1143
R00001,5,MUTATION,T1,t1_reindent,ok,7,True,T1,True,0.75,0.1364,0.1304
R00001,6,UNTOUCHED,T1,none,ok,7,True,T1,True,0.6667,1.0,0.6667
R00001,7,UNTOUCHED,T1,none,ok,7,True,T1,True,0.6667,0.0455,0.0444
R00001,8,UNTOUCHED,T1,none,ok,7,True,T1,True,0.6667,0.0909,0.087
R00001,9,UNTOUCHED,T1,none,ok,7,True,T1,True,0.6667,0.1818,0.1667
R00002,0,CLONE_INTERVAL,T2,t2_change_int_literal,ok,1,True,T2,True,1.0,0.2143,0.2143
R00002,1,MUTATION,T2,t2_change_int_literal,ok,5,True,T2,True,1.0,1.0,1.0
R00002,2,CLONE_INTERVAL,T2,t2_change_string_literal,ok,1,True,T2,True,1.0,0.2857,0.2857
R00002,3,MUTATION,T2,t2_change_string_literal,ok,5,True,T2,True,1.0,1.0,1.0
R00002,4,UNTOUCHED,T1,none,ok,5,True,T1,True,0.6667,0.5714,0.4444
R00002,5,UNTOUCHED,T1,none,ok,5,True,T1,True,0.75,0.6,0.5
R00002,6,UNTOUCHED,T1,none,ok,5,True,T1,True,0.6667,0.6667,0.5
R00003,0,CLONE_INTERVAL,T3,t3_delete_statement,ok,1,True,T3,True,1.0,0.2381,0.2381
R00003,1,MUTATION,T3,t3_delete_statement,ok,6,True,T2,False,1.0,0.5,0.5
R00003,2,CLONE_INTERVAL,T3,t3_delete_statement,ok,1,True,T3,True,1.0,0.2381,0.2381
R00003,3,MUTATION,T3,t3_delete_statement,ok,6,True,T3,True,1.0,1.0,1.0
R00003,4,UNTOUCHED,T1,none,ok,6,True,T1,True,0.6667,0.3333,0.2857
R00003,5,UNTOUCHED,T1,none,ok,6,True,T1,True,0.75,0.8571,0.6667
R00003,6,UNTOUCHED,T1,none,ok,6,True,T1,True,0.6667,0.4,0.3333
R00004,0,CLONE_INTERVAL,T3,t3_delete_statement,ok,1,True,T3,True,0.8,0.16,0.1538
R00004,1,MUTATION,T3,t3_delete_statement,ok,3,True,T3,True,1.0,1.0,1.0
R00004,2,CLONE_INTERVAL,T1,t1_add_block_comment,ok,1,True,T3,False,0.75,0.2308,0.2222
R00004,3,MUTATION,T1,t1_add_block_comment,ok,3,False,,False,0.0,0.0,0.0
R00004,4,UNTOUCHED,T1,none,ok,3,True,T1,True,0.6667,1.0,0.6667
R00004,5,UNTOUCHED,T1,none,ok,3,True,T1,True,0.8,0.2,0.1905
R00004,6,UNTOUCHED,T1,none,ok,3,True,T1,True,0.8571,0.3,0.2857
R00005,0,CLONE_INTERVAL,T1,t1_add_blank_line,ok,1,True,T1,True,0.875,0.1556,0.1522
R00005,1,MUTATION,T1,t1_add_blank_line,ok,1,False,,False,0.0,0.0,0.0
R00005,2,CLONE_INTERVAL,T2,t2_change_int_literal,ok,1,False,,False,0.0,0.0,0.0
R00005,3,MUTATION,T2,t2_change_int_literal,ok,1,False,,False,0.0,0.0,0.0
R00005,4,UNTOUCHED,T1,none,ok,1,True,T1,True,0.3333,0.0256,0.0244
R00005,5,UNTOUCHED,T1,none,ok,1,True,T1,True,0.6429,0.2308,0.2045
R00005,6,UNTOUCHED,T1,none,ok,1,False,,False,0.0,0.0,0.0
R00005,7,UNTOUCHED,T1,none,ok,1,False,,False,0.0,0.0,0.0
R00006,0,CLONE_INTERVAL,T3,t3_insert_statement,ok,1,True,T3,True,1.0,0.2308,0.2308
R00006,1,MUTATION,T3,t3_insert_statement,ok,3,True,T3,True,1.0,1.0,1.0
R00006,2,CLONE_INTERVAL,T1,t1_add_eol_comment,ok,1,True,T3,False,1.0,0.2222,0.2222
R00006,3,MUTATION,T1,t1_add_eol_comment,ok,3,True,T1,True,1.0,0.0526,0.0526
R00006,4,UNTOUCHED,T1,none,ok,3,False,,False,0.0,0.0,0.0
R00006,5,UNTOUCHED,T1,none,ok,3,True,T1,True,0.8571,0.3158,0.3
R00006,6,UNTOUCHED,T1,none,ok,3,True,T1,True,0.75,0.3158,0.2857
R00007,0,CLONE_INTERVAL,T2,t2_rename_local,ok,2,True,T2,True,1.0,0.2766,0.2766
R00007,1,MUTATION,T2,t2_rename_local,ok,8,True,T2,True,0.6,1.0,0.6
R00007,3,CLONE_INTERVAL,T2,t2_change_string_literal,ok,2,True,T2,True,1.0,0.3191,0.3191
R00007,4,MUTATION,T2,t2_change_string_literal,ok,8,True,T2,True,1.0,1.0,1.0
R00007,5,UNTOUCHED,T1,none,ok,8,True,T1,True,0.6667,1.0,0.6667
R00007,6,UNTOUCHED,T1,none,ok,8,True,T1,True,0.6667,0.0909,0.087
R00007,7,UNTOUCHED,T1,none,ok,8,True,T1,True,0.875,0.3182,0.3043
R00007,8,UNTOUCHED,T1,none,ok,8,True,T1,True,0.5,0.3333,0.25
R00008,0,CLONE_INTERVAL,T2,t2_rename_local,ok,1,True,T3,False,1.0,0.2609,0.2609
R00008,1,MUTATION,T2,t2_rename_local,ok,7,True,T2,True,0.6,1.0,0.6
R00008,3,CLONE_INTERVAL,T3,t3_wrap_statement,ok,1,True,T3,True,1.0,0.3333,0.3333
R00008,4,MUTATION,T3,t3_wrap_statement,ok,7,True,T3,True,1.0,1.0,1.0
R00008,5,UNTOUCHED,T1,none,ok,7,True,T1,True,0.8,0.8,0.6667
R00008,6,UNTOUCHED,T1,none,ok,7,True,T1,True,0.6667,1.0,0.6667
R00008,7,UNTOUCHED,T1,none,ok,7,True,T1,True,0.5,0.2857,0.2222
R00009,0,CLONE_INTERVAL,T1,t1_reindent,ok,1,True,T1,True,1.0,0.3333,0.3333
R00009,1,MUTATION,T1,t1_reindent,ok,1,True,T1,True,0.7857,0.3667,0.3333
R00009,2,CLONE_INTERVAL,T1,t1_reindent,ok,1,True,T1,True,1.0,0.2381,0.2381
R00009,3,MUTATION,T1,t1_reindent,ok,1,True,T1,True,0.6,0.2,0.1765
R00009,5,UNTOUCHED,T1,none,ok,1,True,T1,True,0.625,0.1667,0.1515
R00009,6,UNTOUCHED,T1,none,ok,1,True,T1,True,0.5714,0.1333,0.1212
R00009,7,UNTOUCHED,T1,none,ok,1,True,T1,True,0.5714,0.1333,0.1212
R00010,0,CLONE_INTERVAL,T1,t1_reindent,ok,2,True,T1,True,1.0,0.2308,0.2308
R00010,1,MUTATION,T1,t1_reindent,ok,2,True,T1,True,1.0,0.2857,0.2857
R00010,2,CLONE_INTERVAL,T1,t1_add_eol_comment,ok,2,False,,False,0.0,0.0,0.0
R00010,3,MUTATION,T1,t1_add_eol_comment,ok,2,False,,False,0.0,0.0,0.0
R00010,4,UNTOUCHED,T1,none,ok,2,True,T1,True,0.0667,0.0476,0.0286
R00010,5,UNTOUCHED,T1,none,ok,2,True,T1,True,0.625,0.2381,0.2083
R00010,6,UNTOUCHED,T1,none,ok,2,False,,False,0.0,0.0,0.0
R00010,7,UNTOUCHED,T1,none,ok,2,False,,False,0.0,0.0,0.0
R00011,0,CLONE_INTERVAL,T3,t3_delete_statement,ok,1,False,,False,0.6667,0.093,0.0889
R00011,1,MUTATION,T3,t3_delete_statement,ok,3,True,T3,True,1.0,1.0,1.0
R00011,2,CLONE_INTERVAL,T1,t1_add_eol_comment,ok,1,False,,False,0.0,0.0,0.0
R00011,3,MUTATION,T1,t1_add_eol_comment,ok,3,False,,False,0.0,0.0,0.0
R00011,4,UNTOUCHED,T1,none,ok,3,True,T1,True,0.625,0.25,0.2174
R00011,5,UNTOUCHED,T1,none,ok,3,True,T1,True,0.6,0.1765,0.1579
R00011,6,UNTOUCHED,T1,none,ok,3,False,,False,0.0,0.0,0.0
R00011,7,UNTOUCHED,T1,none,ok,3,False,,False,0.0,0.0,0.0
R00012,0,CLONE_INTERVAL,T3,t3_insert_statement,ok,1,True,T3,True,1.0,0.2609,0.2609
R00012,1,MUTATION,T3,t3_insert_statement,ok,3,True,T3,True,1.0,1.0,1.0
R00012,2,CLONE_INTERVAL,T1,t1_add_eol_comment,ok,1,True,T3,False,1.0,0.4167,0.4167
R00012,3,MUTATION,T1,t1_add_eol_comment,ok,3,True,T1,True,1.0,0.0625,0.0625
R00012,4,UNTOUCHED,T1,none,ok,3,True,T1,True,0.6667,0.6667,0.5
R00012,5,UNTOUCHED,T1,none,ok,3,True,T1,True,0.6667,0.125,0.1176
R00012,6,UNTOUCHED,T1,none,ok,3,True,T1,True,0.6667,0.125,0.1176
R00013,0,CLONE_INTERVAL,T1,t1_add_eol_comment,ok,2,True,T1,True,1.0,0.2222,0.2222
R00013,1,MUTATION,T1,t1_add_eol_comment,ok,4,True,T1,True,1.0,0.05,0.05
R00013,2,CLONE_INTERVAL,T2,t2_rename_local,ok,2,True,T2,True,1.0,0.5333,0.5333
R00013,3,MUTATION,T2,t2_rename_local,ok,4,True,T2,True,1.0,0.6667,0.6667
R00013,3,MUTATION,T2,t2_rename_local,ok,4,True,T2,True,1.0,0.3333,0.3333
R00013,5,UNTOUCHED,T1,none,ok,4,False,,False,0.0,0.0,0.0
R00013,6,UNTOUCHED,T1,none,ok,4,True,T1,True,0.3333,0.05,0.0455
R00013,7,UNTOUCHED,T1,none,ok,4,True,T1,True,0.6667,1.0,0.6667
R00013,8,UNTOUCHED,T1,none,ok,4,True,T1,True,0.5,1.0,0.5
R00014,0,CLONE_INTERVAL,T2,t2_change_int_literal,ok,1,True,T2,True,1.0,0.1014,0.1014
R00014,1,MUTATION,T2,t2_change_int_literal,ok,5,True,T2,True,1.0,1.0,1.0
R00014,2,CLONE_INTERVAL,T2,t2_change_string_literal,ok,1,True,T2,True,1.0,0.1014,0.1014
R00014,3,MUTATION,T2,t2_change_string_literal,ok,5,True,T2,True,1.0,1.0,1.0
R00014,4,UNTOUCHED,T1,none,ok,5,True,T1,True,0.814,0.9722,0.7955
R00014,5,UNTOUCHED,T1,none,ok,5,True,T1,True,0.6667,0.4,0.3333
R00014,6,UNTOUCHED,T1,none,ok,5,True,T1,True,0.6364,0.6364,0.4667
R00015,0,CLONE_INTERVAL,T3,t3_delete_statement,ok,1,True,T3,True,1.0,0.5714,0.5714
R00015,1,MUTATION,T3,t3_delete_statement,ok,5,True,T3,True,1.0,1.0,1.0
R00015,2,CLONE_INTERVAL,T3,t3_insert_statement,ok,1,True,T3,True,1.0,0.1071,0.1071
R00015,3,MUTATION,T3,t3_insert_statement,ok,5,True,T3,True,1.0,1.0,1.0
R00015,4,UNTOUCHED,T1,none,ok,5,True,T1,True,0.8182,0.8182,0.6923
R00015,5,UNTOUCHED,T1,none,ok,5,True,T1,True,0.6,0.125,0.1154
R00015,6,UNTOUCHED,T1,none,ok,5,True,T1,True,0.6667,0.5,0.4
R00016,0,CLONE_INTERVAL,T1,t1_add_blank_line,ok,1,True,T3,False,0.8571,0.2308,0.2308
R00016,1,MUTATION,T1,t1_add_blank_line,ok,3,False,,False,0.0,0.0,0.0
R00016,2,CLONE_INTERVAL,T3,t3_delete_statement,ok,1,True,T3,True,1.0,0.32,0.32
R00016,3,MUTATION,T3,t3_delete_statement,ok,3,True,T3,True,1.0,1.0,1.0
R00016,4,UNTOUCHED,T1,none,ok,3,True,T1,True,0.75,0.2727,0.25
R00016,5,UNTOUCHED,T1,none,ok,3,True,T1,True,0.6667,0.1818,0.1667
R00016,6,UNTOUCHED,T1,none,ok,3,True,T1,True,0.6667,0.4444,0.3636
R00017,0,CLONE_INTERVAL,T1,t1_add_block_comment,ok,1,True,T2,False,0.8571,0.2,0.1935
R00017,1,MUTATION,T1,t1_add_block_comment,ok,3,False,,False,0.0,0.0,0.0
R00017,2,CLONE_INTERVAL,T2,t2_change_int_literal,ok,1,True,T2,True,1.0,0.2,0.2
R00017,3,MUTATION,T2,t2_change_int_literal,ok,3,True,T2,True,1.0,1.0,1.0
R00017,4,UNTOUCHED,T1,none,ok,3,True,T1,True,0.6667,0.1111,0.1053
R00017,5,UNTOUCHED,T1,none,ok,3,True,T1,True,0.6667,0.1111,0.1053
R00017,6,UNTOUCHED,T1,none,ok,3,True,T1,True,0.5714,0.2222,0.1905
R00017,7,UNTOUCHED,T1,none,ok,3,True,T1,True,0.5,0.3333,0.25
R00018,0,CLONE_INTERVAL,T3,t3_wrap_statement,ok,1,True,T3,True,1.0,0.4444,0.4444
R00018,1,MUTATION,T3,t3_wrap_statement,ok,5,True,T3,True,1.0,1.0,1.0
R00018,2,CLONE_INTERVAL,T2,t2_rename_local,ok,1,False,,False,0.2,0.1,0.0714
R00018,3,MUTATION,T2,t2_rename_local,ok,5,True,T2,True,1.0,0.5,0.5
R00018,3,MUTATION,T2,t2_rename_local,ok,5,True,T2,True,1.0,0.5,0.5
R00018,5,UNTOUCHED,T1,none,ok,5,True,T1,True,0.6667,0.4,0.3333
R00018,6,UNTOUCHED,T1,none,ok,5,True,T1,True,0.4286,0.5,0.3
R00018,7,UNTOUCHED,T1,none,ok,5,True,T1,True,0.25,1.0,0.25
R00019,0,CLONE_INTERVAL,T1,t1_add_block_comment,ok,2,True,T1,True,0.8571,0.3529,0.3333
R00019,1,MUTATION,T1,t1_add_block_comment,ok,2,False,,False,0.0,0.0,0.0
R00019,2,CLONE_INTERVAL,T3,t3_delete_statement,ok,2,False,,False,0.0,0.0,0.0
R00019,3,MUTATION,T3,t3_delete_statement,ok,2,False,,False,0.0,0.0,0.0
R00019,4,UNTOUCHED,T1,none,ok,2,True,T1,True,0.6667,0.125,0.1176
R00019,5,UNTOUCHED,T1,none,ok,2,True,T1,True,0.6,0.1875,0.1667
R00019,6,UNTOUCHED,T1,none,ok,2,False,,False,0.0,0.0,0.0
R00019,7,UNTOUCHED,T1,none,ok,2,False,,False,0.0,0.0,0.0
R00020,0,CLONE_INTERVAL,T3,t3_insert_statement,ok,1,True,T3,True,0.8571,0.2727,0.2609
R00020,1,MUTATION,T3,t3_insert_statement,ok,5,True,T3,True,1.0,1.0,1.0
R00020,2,CLONE_INTERVAL,T3,t3_delete_statement,ok,1,True,T3,True,1.0,0.3182,0.3182
R00020,3,MUTATION,T3,t3_delete_statement,ok,5,True,T3,True,1.0,1.0,1.0
R00020,4,UNTOUCHED,T1,none,ok,5,True,T1,True,0.3333,0.5,0.25
R00020,5,UNTOUCHED,T1,none,ok,5,True,T1,True,0.6667,0.2,0.1818
R00020,6,UNTOUCHED,T1,none,ok,5,True,T1,True,0.75,0.3,0.2727
R00020,7,UNTOUCHED,T1,none,ok,5,True,T1,True,0.25,0.1667,0.1111
R00021,0,CLONE_INTERVAL,T2,t2_rename_local,ok,1,True,T2,True,1.0,0.4,0.4
R00021,1,MUTATION,T2,t2_rename_local,ok,5,True,T2,True,0.8095,1.0,0.8095
R00021,6,CLONE_INTERVAL,T2,t2_change_string_literal,ok,1,True,T2,True,1.0,0.1273,0.1273
R00021,7,MUTATION,T2,t2_change_string_literal,ok,5,True,T2,True,1.0,1.0,1.0
R00021,8,UNTOUCHED,T1,none,ok,5,True,T1,True,0.8571,1.0,0.8571
R00021,9,UNTOUCHED,T1,none,ok,5,True,T1,True,0.6667,1.0,0.6667
R00021,10,UNTOUCHED,T1,none,ok,5,True,T1,True,0.6667,0.7143,0.5263
R00022,0,CLONE_INTERVAL,T1,t1_add_blank_line,ok,1,True,T1,True,0.8889,0.1053,0.1039
R00022,1,MUTATION,T1,t1_add_blank_line,ok,1,False,,False,0.0,0.0,0.0
R00022,2,CLONE_INTERVAL,T1,t1_add_blank_line,ok,1,True,T1,True,1.0,0.1067,0.1067
R00022,3,MUTATION,T1,t1_add_blank_line,ok,1,False,,False,0.0,0.0,0.0
R00022,4,UNTOUCHED,T1,none,ok,1,True,T1,True,0.6,0.0508,0.0492
R00022,5,UNTOUCHED,T1,none,ok,1,True,T1,True,0.6667,0.1356,0.127
R00022,6,UNTOUCHED,T1,none,ok,1,True,T1,True,0.6667,0.0678,0.0656
R00022,7,UNTOUCHED,T1,none,ok,1,True,T1,True,0.6667,0.1356,0.127
R00023,0,CLONE_INTERVAL,T2,t2_change_string_literal,ok,1,True,T2,True,1.0,0.1364,0.1364
R00023,1,MUTATION,T2,t2_change_string_literal,ok,5,True,T2,True,1.0,1.0,1.0
R00023,2,CLONE_INTERVAL,T2,t2_change_string_literal,ok,1,True,T2,True,1.0,0.1364,0.1364
R00023,3,MUTATION,T2,t2_change_string_literal,ok,5,True,T2,True,1.0,1.0,1.0
R00023,4,UNTOUCHED,T1,none,ok,5,True,T1,True,0.75,0.1765,0.1667
R00023,5,UNTOUCHED,T1,none,ok,5,True,T1,True,1.0,0.4444,0.4444
R00023,6,UNTOUCHED,T1,none,ok,5,True,T1,True,0.9,0.6429,0.6
R00024,0,CLONE_INTERVAL,T1,t1_add_eol_comment,ok,1,True,T3,False,0.8333,0.0417,0.0413
R00024,1,MUTATION,T1,t1_add_eol_comment,ok,3,True,T1,True,1.0,0.0118,0.0118
R00024,2,CLONE_INTERVAL,T3,t3_wrap_statement,ok,1,True,T3,True,0.8333,0.0424,0.042
R00024,3,MUTATION,T3,t3_wrap_statement,ok,3,True,T3,True,1.0,1.0,1.0
R00024,4,UNTOUCHED,T1,none,ok,3,False,,False,0.0,0.0,0.0
R00024,5,UNTOUCHED,T1,none,ok,3,True,T1,True,0.5556,0.0588,0.0562
R00024,6,UNTOUCHED,T1,none,ok,3,False,,False,0.0,0.0,0.0
R00024,7,UNTOUCHED,T1,none,ok,3,True,T1,True,0.5556,0.5,0.3571
R00025,0,CLONE_INTERVAL,T2,t2_change_int_literal,ok,2,True,T2,True,1.0,0.5581,0.5581
R00025,1,MUTATION,T2,t2_change_int_literal,ok,4,True,T2,True,1.0,1.0,1.0
R00025,2,CLONE_INTERVAL,T3,t3_insert_statement,ok,2,False,,False,0.0,0.0,0.0
R00025,3,MUTATION,T3,t3_insert_statement,ok,4,False,,False,0.0,0.0,0.0
R00025,4,UNTOUCHED,T1,none,ok,4,True,T1,True,0.8333,1.0,0.8333
R00025,5,UNTOUCHED,T1,none,ok,4,True,T1,True,0.6667,0.0645,0.0625
R00025,6,UNTOUCHED,T1,none,ok,4,False,,False,0.0,0.0,0.0
R00025,7,UNTOUCHED,T1,none,ok,4,False,,False,0.0,0.0,0.0
R00026,0,CLONE_INTERVAL,T2,t2_rename_local,ok,1,True,T2,True,1.0,0.223,0.223
R00026,1,MUTATION,T2,t2_rename_local,ok,9,True,T2,True,0.2083,1.0,0.2083
R00026,5,CLONE_INTERVAL,T1,t1_add_blank_line,ok,1,True,T2,False,1.0,0.0797,0.0797
R00026,6,MUTATION,T1,t1_add_blank_line,ok,9,False,,False,0.0,0.0,0.0
R00026,7,UNTOUCHED,T1,none,ok,9,True,T1,True,0.8333,1.0,0.8333
R00026,8,UNTOUCHED,T1,none,ok,9,True,T1,True,0.6667,0.023,0.0227
R00026,9,UNTOUCHED,T1,none,ok,9,True,T1,True,0.7273,0.092,0.0889
R00026,10,UNTOUCHED,T1,none,ok,9,True,T1,True,0.7059,0.1379,0.1304
R00027,0,CLONE_INTERVAL,T2,t2_change_string_literal,ok,1,True,T2,True,1.0,0.1935,0.1935
R00027,1,MUTATION,T2,t2_change_string_literal,ok,5,True,T2,True,1.0,1.0,1.0
R00027,2,CLONE_INTERVAL,T2,t2_change_string_literal,ok,1,True,T2,True,1.0,0.1935,0.1935
R00027,3,MUTATION,T2,t2_change_string_literal,ok,5,True,T2,True,1.0,1.0,1.0
R00027,4,UNTOUCHED,T1,none,ok,5,True,T1,True,0.6667,1.0,0.6667
R00027,5,UNTOUCHED,T1,none,ok,5,True,T1,True,0.8,0.6667,0.5714
R00027,6,UNTOUCHED,T1,none,ok,5,True,T1,True,0.6667,0.6667,0.5
R00028,0,CLONE_INTERVAL,T2,t2_change_int_literal,ok,6,True,T2,True,1.0,0.1538,0.1538
R00028,1,MUTATION,T2,t2_change_int_literal,ok,10,True,T2,True,1.0,1.0,1.0
R00028,2,CLONE_INTERVAL,T2,t2_change_int_literal,ok,6,True,T2,True,1.0,0.1538,0.1538
R00028,3,MUTATION,T2,t2_change_int_literal,ok,10,True,T2,True,1.0,1.0,1.0
R00028,4,UNTOUCHED,T1,none,ok,10,True,T1,True,0.6667,0.4,0.3333
R00028,5,UNTOUCHED,T1,none,ok,10,True,T1,True,0.8333,0.8333,0.7143
R00028,6,UNTOUCHED,T1,none,ok,10,True,T1,True,0.6111,0.6875,0.4783
R00029,0,CLONE_INTERVAL,T3,t3_insert_statement,ok,1,False,,False,0.0,0.0,0.0
R00029,1,MUTATION,T3,t3_insert_statement,ok,1,False,,False,0.0,0.0,0.0
R00029,2,CLONE_INTERVAL,T1,t1_reindent,ok,1,False,,False,0.6667,0.0952,0.0909
R00029,3,MUTATION,T1,t1_reindent,ok,1,True,T1,True,0.6667,0.1053,0.1
R00029,4,UNTOUCHED,T1,none,ok,1,False,,False,0.0,0.0,0.0
R00029,5,UNTOUCHED,T1,none,ok,1,False,,False,0.0,0.0,0.0
R00029,6,UNTOUCHED,T1,none,ok,1,True,T1,True,0.9118,0.8158,0.7561
R00030,0,CLONE_INTERVAL,T1,t1_add_eol_comment,ok,1,True,T3,False,1.0,0.6809,0.6809
R00030,1,MUTATION,T1,t1_add_eol_comment,ok,3,False,,False,0.0,0.0,0.0
R00030,2,CLONE_INTERVAL,T3,t3_delete_statement,ok,1,True,T3,True,1.0,0.1087,0.1087
R00030,3,MUTATION,T3,t3_delete_statement,ok,3,True,T3,True,1.0,1.0,1.0
R00030,4,UNTOUCHED,T1,none,ok,3,True,T1,True,0.6667,0.129,0.1212
R00030,5,UNTOUCHED,T1,none,ok,3,True,T1,True,0.6667,0.0645,0.0625
R00030,6,UNTOUCHED,T1,none,ok,3,True,T1,True,0.6667,0.4,0.3333
R00031,0,CLONE_INTERVAL,T1,t1_add_eol_comment,ok,2,True,T1,True,1.0,0.1628,0.1628
R00031,1,MUTATION,T1,t1_add_eol_comment,ok,2,True,T1,True,1.0,0.027,0.027
R00031,2,CLONE_INTERVAL,T1,t1_add_block_comment,ok,2,True,T1,True,1.0,0.1667,0.1667
R00031,3,MUTATION,T1,t1_add_block_comment,ok,2,False,,False,0.0,0.0,0.0
R00031,4,UNTOUCHED,T1,none,ok,2,True,T1,True,0.75,0.0811,0.0789
R00031,5,UNTOUCHED,T1,none,ok,2,True,T1,True,0.6667,0.0541,0.0526
R00031,6,UNTOUCHED,T1,none,ok,2,True,T1,True,0.8,0.1081,0.1053
R00031,7,UNTOUCHED,T1,none,ok,2,True,T1,True,0.6667,0.2703,0.2381
R00032,0,CLONE_INTERVAL,T1,t1_add_eol_comment,ok,1,True,T3,False,1.0,0.0448,0.0448
R00032,1,MUTATION,T1,t1_add_eol_comment,ok,3,True,T1,True,1.0,0.0099,0.0099
R00032,2,CLONE_INTERVAL,T3,t3_insert_statement,ok,1,True,T3,True,1.0,0.0752,0.0752
R00032,3,MUTATION,T3,t3_insert_statement,ok,3,True,T3,True,1.0,1.0,1.0
R00032,4,UNTOUCHED,T1,none,ok,3,True,T1,True,0.75,0.0297,0.0294
R00032,5,UNTOUCHED,T1,none,ok,3,True,T1,True,0.75,0.0594,0.0583
R00032,6,UNTOUCHED,T1,none,ok,3,True,T1,True,0.75,0.4286,0.375
R00033,0,CLONE_INTERVAL,T2,t2_change_int_literal,ok,1,True,T2,True,1.0,0.0462,0.0462
R00033,1,MUTATION,T2,t2_change_int_literal,ok,3,True,T2,True,1.0,1.0,1.0
R00033,2,CLONE_INTERVAL,T1,t1_add_block_comment,ok,1,True,T2,False,1.0,0.0543,0.0543
R00033,3,MUTATION,T1,t1_add_block_comment,ok,3,False,,False,0.0,0.0,0.0
R00033,4,UNTOUCHED,T1,none,ok,3,True,T1,True,0.75,1.0,0.75
R00033,5,UNTOUCHED,T1,none,ok,3,True,T1,True,0.8571,0.1062,0.1043
R00033,6,UNTOUCHED,T1,none,ok,3,True,T1,True,0.6667,0.0354,0.0348
R00033,7,UNTOUCHED,T1,none,ok,3,True,T1,True,0.5,0.0177,0.0174
R00034,0,CLONE_INTERVAL,T3,t3_delete_statement,ok,1,True,T3,True,1.0,0.1613,0.1613
R00034,1,MUTATION,T3,t3_delete_statement,ok,3,True,T3,True,1.0,1.0,1.0
R00034,2,CLONE_INTERVAL,T1,t1_reindent,ok,1,True,T3,False,1.0,0.1875,0.1875
R00034,3,MUTATION,T1,t1_reindent,ok,3,True,T1,True,0.6667,0.2222,0.2
R00034,5,UNTOUCHED,T1,none,ok,3,True,T1,True,0.6667,0.3333,0.2857
R00034,6,UNTOUCHED,T1,none,ok,3,True,T1,True,0.7333,0.6111,0.5
R00034,7,UNTOUCHED,T1,none,ok,3,True,T1,True,0.6667,0.1111,0.1053
R00035,0,CLONE_INTERVAL,T1,t1_add_eol_comment,ok,1,True,T3,False,1.0,0.0938,0.0938
R00035,1,MUTATION,T1,t1_add_eol_comment,ok,3,True,T1,True,1.0,0.0238,0.0238
R00035,2,CLONE_INTERVAL,T3,t3_insert_statement,ok,1,True,T3,True,1.0,0.1111,0.1111
R00035,3,MUTATION,T3,t3_insert_statement,ok,3,True,T3,True,1.0,1.0,1.0
R00035,4,UNTOUCHED,T1,none,ok,3,True,T1,True,0.3333,0.0238,0.0227
R00035,5,UNTOUCHED,T1,none,ok,3,True,T1,True,0.75,0.0714,0.0698
R00035,6,UNTOUCHED,T1,none,ok,3,True,T1,True,0.7143,0.119,0.1136
R00035,7,UNTOUCHED,T1,none,ok,3,True,T1,True,0.6667,0.8,0.5714
R00036,0,CLONE_INTERVAL,T3,t3_insert_statement,ok,2,True,T3,True,0.8333,0.0463,0.0459
R00036,1,MUTATION,T3,t3_insert_statement,ok,4,True,T3,True,1.0,1.0,1.0
R00036,2,CLONE_INTERVAL,T1,t1_add_eol_comment,ok,2,True,T3,False,0.8571,0.055,0.0545
R00036,3,MUTATION,T1,t1_add_eol_comment,ok,4,True,T1,True,1.0,0.0208,0.0208
R00036,4,UNTOUCHED,T1,none,ok,4,True,T1,True,0.3333,0.0233,0.0222
R00036,5,UNTOUCHED,T1,none,ok,4,True,T1,True,0.5556,0.1042,0.0962
R00036,6,UNTOUCHED,T1,none,ok,4,True,T1,True,0.4286,0.0625,0.0577
R00036,7,UNTOUCHED,T1,none,ok,4,True,T1,True,0.6,0.125,0.1154
R00037,0,CLONE_INTERVAL,T2,t2_change_string_literal,ok,1,True,T2,True,1.0,0.1719,0.1719
R00037,1,MUTATION,T2,t2_change_string_literal,ok,3,True,T2,True,1.0,1.0,1.0
R00037,2,CLONE_INTERVAL,T1,t1_add_eol_comment,ok,1,True,T2,False,1.0,0.0938,0.0938
R00037,3,MUTATION,T1,t1_add_eol_comment,ok,3,True,T1,True,1.0,0.027,0.027
R00037,4,UNTOUCHED,T1,none,ok,3,True,T1,True,0.8333,0.4545,0.4167
R00037,5,UNTOUCHED,T1,none,ok,3,True,T1,True,0.7333,0.5946,0.4889
R00037,6,UNTOUCHED,T1,none,ok,3,True,T1,True,0.6154,0.2162,0.1905
R00038,0,CLONE_INTERVAL,T2,t2_change_string_literal,ok,1,True,T2,True,1.0,0.24,0.24
R00038,1,MUTATION,T2,t2_change_string_literal,ok,5,True,T2,True,1.0,1.0,1.0
R00038,2,CLONE_INTERVAL,T2,t2_change_string_literal,ok,1,True,T2,True,1.0,0.32,0.32
R00038,3,MUTATION,T2,t2_change_string_literal,ok,5,True,T2,True,1.0,1.0,1.0
R00038,4,UNTOUCHED,T1,none,ok,5,True,T1,True,0.8571,1.0,0.8571
R00038,5,UNTOUCHED,T1,none,ok,5,True,T1,True,1.0,0.3,0.3
R00038,6,UNTOUCHED,T1,none,ok,5,True,T1,True,0.6667,1.0,0.6667
R00039,0,CLONE_INTERVAL,T2,t2_rename_local,ok,1,False,,False,0.5714,0.16,0.1429
R00039,1,MUTATION,T2,t2_rename_local,ok,3,True,T2,True,0.5714,1.0,0.5714
R00039,5,CLONE_INTERVAL,T1,t1_reindent,ok,1,True,T2,False,1.0,0.48,0.48
R00039,6,MUTATION,T1,t1_reindent,ok,3,True,T1,True,0.6667,0.5333,0.4211
R00039,7,UNTOUCHED,T1,none,ok,3,True,T1,True,0.3333,1.0,0.3333
R00039,8,UNTOUCHED,T1,none,ok,3,True,T1,True,0.5,0.1333,0.1176
R00039,9,UNTOUCHED,T1,none,ok,3,True,T1,True,0.3333,0.0667,0.0588
R00040,0,CLONE_INTERVAL,T3,t3_insert_statement,ok,1,True,T3,True,1.0,0.0857,0.0857
R00040,1,MUTATION,T3,t3_insert_statement,ok,5,True,T3,True,1.0,1.0,1.0
R00040,2,CLONE_INTERVAL,T2,t2_change_int_literal,ok,1,True,T3,False,1.0,0.0845,0.0845
R00040,3,MUTATION,T2,t2_change_int_literal,ok,5,True,T2,True,1.0,1.0,1.0
R00040,4,UNTOUCHED,T1,none,ok,5,True,T1,True,0.6667,0.1818,0.1667
R00040,5,UNTOUCHED,T1,none,ok,5,True,T1,True,0.625,0.1923,0.1724
R00040,6,UNTOUCHED,T1,none,ok,5,True,T1,True,0.6,0.1154,0.1071
R00040,7,UNTOUCHED,T1,none,ok,5,True,T1,True,0.7,0.3889,0.3333
R00041,0,CLONE_INTERVAL,T2,t2_change_int_literal,ok,1,True,T2,True,1.0,0.2963,0.2963
R00041,1,MUTATION,T2,t2_change_int_literal,ok,3,True,T2,True,1.0,1.0,1.0
R00041,2,CLONE_INTERVAL,T1,t1_reindent,ok,1,True,T2,False,1.0,0.3333,0.3333
R00041,3,MUTATION,T1,t1_reindent,ok,3,True,T1,True,0.6667,0.375,0.3158
R00041,4,UNTOUCHED,T1,none,ok,3,True,T1,True,0.6667,0.6667,0.5
R00041,5,UNTOUCHED,T1,none,ok,3,True,T1,True,0.6667,0.125,0.1176
R00041,6,UNTOUCHED,T1,none,ok,3,True,T1,True,0.6667,0.25,0.2222
R00042,0,CLONE_INTERVAL,T2,t2_change_string_literal,ok,1,True,T2,True,1.0,0.2222,0.2222
R00042,1,MUTATION,T2,t2_change_string_literal,ok,3,True,T2,True,1.0,1.0,1.0
R00042,2,CLONE_INTERVAL,T1,t1_add_block_comment,ok,1,True,T2,False,1.0,0.2308,0.2308
R00042,3,MUTATION,T1,t1_add_block_comment,ok,3,False,,False,0.0,0.0,0.0
R00042,4,UNTOUCHED,T1,none,ok,3,True,T1,True,0.7778,0.7778,0.6364
R00042,5,UNTOUCHED,T1,none,ok,3,True,T1,True,0.6,0.25,0.2143
R00042,6,UNTOUCHED,T1,none,ok,3,True,T1,True,0.4,0.1667,0.1333
R00043,0,CLONE_INTERVAL,T1,t1_add_eol_comment,ok,1,False,,False,0.6667,0.093,0.0889
R00043,1,MUTATION,T1,t1_add_eol_comment,ok,1,True,T1,True,1.0,0.027,0.027
R00043,2,CLONE_INTERVAL,T2,t2_rename_local,ok,1,False,,False,0.0,0.0,0.0
R00043,3,MUTATION,T2,t2_rename_local,ok,1,False,,False,0.0,0.0,0.0
R00043,3,MUTATION,T2,t2_rename_local,ok,1,False,,False,0.0,0.0,0.0
R00043,5,UNTOUCHED,T1,none,ok,1,True,T1,True,0.6667,0.1622,0.15
R00043,6,UNTOUCHED,T1,none,ok,1,True,T1,True,0.6,0.0811,0.0769
R00043,7,UNTOUCHED,T1,none,ok,1,False,,False,0.0,0.0,0.0
R00043,8,UNTOUCHED,T1,none,ok,1,False,,False,0.0,0.0,0.0
R00044,0,CLONE_INTERVAL,T3,t3_wrap_statement,ok,5,True,T3,True,1.0,0.3333,0.3333
R00044,1,MUTATION,T3,t3_wrap_statement,ok,7,True,T3,True,1.0,1.0,1.0
R00044,2,CLONE_INTERVAL,T1,t1_add_eol_comment,ok,5,True,T1,True,1.0,0.1714,0.1714
R00044,3,MUTATION,T1,t1_add_eol_comment,ok,7,True,T1,True,1.0,0.0323,0.0323
R00044,4,UNTOUCHED,T1,none,ok,7,True,T1,True,0.8,1.0,0.8
R00044,5,UNTOUCHED,T1,none,ok,7,True,T1,True,0.75,0.5455,0.4615
R00044,6,UNTOUCHED,T1,none,ok,7,True,T1,True,0.6667,0.129,0.1212
R00044,7,UNTOUCHED,T1,none,ok,7,True,T1,True,0.6667,0.0645,0.0625
R00045,0,CLONE_INTERVAL,T2,t2_rename_local,ok,1,True,T2,True,0.8571,0.2069,0.2
R00045,1,MUTATION,T2,t2_rename_local,ok,5,True,T2,True,0.4,1.0,0.4
R00045,3,CLONE_INTERVAL,T1,t1_add_eol_comment,ok,1,True,T2,False,1.0,0.2759,0.2759
R00045,4,MUTATION,T1,t1_add_eol_comment,ok,5,False,,False,0.0,0.0,0.0
R00045,5,UNTOUCHED,T1,none,ok,5,True,T1,True,0.4,1.0,0.4
R00045,6,UNTOUCHED,T1,none,ok,5,True,T1,True,0.625,0.3571,0.2941
R00045,7,UNTOUCHED,T1,none,ok,5,True,T1,True,0.2,0.2143,0.1154
R00046,0,CLONE_INTERVAL,T3,t3_wrap_statement,ok,1,True,T3,True,1.0,0.1304,0.1304
R00046,1,MUTATION,T3,t3_wrap_statement,ok,5,True,T3,True,1.0,1.0,1.0
R00046,2,CLONE_INTERVAL,T3,t3_insert_statement,ok,1,True,T3,True,0.8333,0.1087,0.1064
R00046,3,MUTATION,T3,t3_insert_statement,ok,5,True,T3,True,1.0,1.0,1.0
R00046,4,UNTOUCHED,T1,none,ok,5,True,T1,True,0.9091,0.4545,0.4348
R00046,5,UNTOUCHED,T1,none,ok,5,True,T1,True,0.8889,0.5714,0.5333
R00046,6,UNTOUCHED,T1,none,ok,5,True,T1,True,0.75,0.75,0.6
R00047,0,CLONE_INTERVAL,T1,t1_add_block_comment,ok,1,True,T1,True,1.0,0.2,0.2
R00047,1,MUTATION,T1,t1_add_block_comment,ok,1,False,,False,0.0,0.0,0.0
R00047,2,CLONE_INTERVAL,T1,t1_add_block_comment,ok,1,True,T1,True,1.0,0.3,0.3
R00047,3,MUTATION,T1,t1_add_block_comment,ok,1,False,,False,0.0,0.0,0.0
R00047,4,UNTOUCHED,T1,none,ok,1,True,T1,True,0.4,0.08,0.0714
R00047,5,UNTOUCHED,T1,none,ok,1,True,T1,True,0.3333,0.08,0.069
R00047,6,UNTOUCHED,T1,none,ok,1,True,T1,True,0.625,0.2,0.1786
R00048,0,CLONE_INTERVAL,T1,t1_add_eol_comment,ok,1,True,T2,False,1.0,0.2424,0.2424
R00048,1,MUTATION,T1,t1_add_eol_comment,ok,5,True,T1,True,1.0,0.0588,0.0588
R00048,2,CLONE_INTERVAL,T2,t2_rename_local,ok,1,True,T2,True,1.0,0.2727,0.2727
R00048,3,MUTATION,T2,t2_rename_local,ok,5,True,T2,True,1.0,1.0,1.0
R00048,3,MUTATION,T2,t2_rename_local,ok,5,True,T2,True,1.0,0.3333,0.3333
R00048,3,MUTATION,T2,t2_rename_local,ok,5,True,T2,True,1.0,0.3333,0.3333
R00048,3,MUTATION,T2,t2_rename_local,ok,5,True,T2,True,1.0,0.3333,0.3333
R00048,7,UNTOUCHED,T1,none,ok,5,True,T1,True,0.8,0.2353,0.2222
R00048,8,UNTOUCHED,T1,none,ok,5,True,T1,True,0.6667,0.3529,0.3
R00048,9,UNTOUCHED,T1,none,ok,5,True,T1,True,0.6667,1.0,0.6667
R00049,0,CLONE_INTERVAL,T1,t1_reindent,ok,1,True,T3,False,1.0,0.0556,0.0556
R00049,1,MUTATION,T1,t1_reindent,ok,3,True,T1,True,0.8333,0.0595,0.0588
R00049,2,CLONE_INTERVAL,T3,t3_delete_statement,ok,1,True,T3,True,1.0,0.0561,0.0561
R00049,3,MUTATION,T3,t3_delete_statement,ok,3,True,T3,True,1.0,1.0,1.0
R00049,4,UNTOUCHED,T1,none,ok,3,True,T1,True,0.6,0.0357,0.0349
R00049,5,UNTOUCHED,T1,none,ok,3,True,T1,True,0.7,0.0833,0.0805
R00049,6,UNTOUCHED,T1,none,ok,3,True,T1,True,0.5,0.0238,0.0233
R00049,7,UNTOUCHED,T1,none,ok,3,True,T1,True,0.6,0.6,0.4286
R00050,0,CLONE_INTERVAL,T1,t1_add_block_comment,ok,1,True,T2,False,1.0,0.1667,0.1667
R00050,1,MUTATION,T1,t1_add_block_comment,ok,3,True,T1,True,1.0,0.0556,0.0556
R00050,2,CLONE_INTERVAL,T2,t2_change_int_literal,ok,1,True,T2,True,1.0,0.2973,0.2973
R00050,3,MUTATION,T2,t2_change_int_literal,ok,3,True,T2,True,1.0,1.0,1.0
R00050,4,UNTOUCHED,T1,none,ok,3,True,T1,True,0.8,0.2222,0.2105
R00050,5,UNTOUCHED,T1,none,ok,3,True,T1,True,0.6154,0.4444,0.3478
R00050,6,UNTOUCHED,T1,none,ok,3,True,T1,True,0.6667,0.2222,0.2
R00051,0,CLONE_INTERVAL,T2,t2_change_string_literal,ok,1,True,T3,False,1.0,0.4615,0.4615
R00051,1,MUTATION,T2,t2_change_string_literal,ok,5,True,T2,True,1.0,1.0,1.0
R00051,2,CLONE_INTERVAL,T3,t3_wrap_statement,ok,1,True,T3,True,0.75,0.1714,0.1622
R00051,3,MUTATION,T3,t3_wrap_statement,ok,5,True,T3,True,1.0,0.3333,0.3333
R00051,4,UNTOUCHED,T1,none,ok,5,True,T1,True,0.8333,0.7143,0.625
R00051,5,UNTOUCHED,T1,none,ok,5,True,T1,True,0.6,0.2308,0.2
R00051,6,UNTOUCHED,T1,none,ok,5,True,T1,True,0.375,0.4286,0.25
R00052,0,CLONE_INTERVAL,T2,t2_rename_local,ok,1,True,T2,True,0.8333,0.1923,0.1852
R00052,1,MUTATION,T2,t2_rename_local,ok,5,True,T1,False,1.0,0.1765,0.1765
R00052,1,MUTATION,T2,t2_rename_local,ok,5,True,T1,False,1.0,0.1765,0.1765
R00052,3,CLONE_INTERVAL,T1,t1_reindent,ok,1,True,T2,False,0.8571,0.2308,0.2222
R00052,4,MUTATION,T1,t1_reindent,ok,5,True,T1,True,0.8571,0.3529,0.3333
R00052,6,UNTOUCHED,T1,none,ok,5,True,T1,True,0.8,1.0,0.8
R00052,7,UNTOUCHED,T1,none,ok,5,True,T1,True,0.8333,0.2941,0.2778
R00052,8,UNTOUCHED,T1,none,ok,5,True,T1,True,0.5,0.2353,0.1905
R00053,0,CLONE_INTERVAL,T1,t1_add_blank_line,ok,1,True,T1,True,1.0,0.1042,0.1042
R00053,1,MUTATION,T1,t1_add_blank_line,ok,1,True,T1,True,1.0,0.0122,0.0122
R00053,2,CLONE_INTERVAL,T1,t1_add_block_comment,ok,1,True,T1,True,0.8889,0.0825,0.0816
R00053,3,MUTATION,T1,t1_add_block_comment,ok,1,False,,False,0.0,0.0,0.0
R00053,4,UNTOUCHED,T1,none,ok,1,True,T1,True,0.6667,0.0244,0.0241
R00053,5,UNTOUCHED,T1,none,ok,1,True,T1,True,0.6667,0.0244,0.0241
R00053,6,UNTOUCHED,T1,none,ok,1,True,T1,True,0.6667,0.0488,0.0476
R00053,7,UNTOUCHED,T1,none,ok,1,True,T1,True,0.6667,0.0976,0.093
R00054,0,CLONE_INTERVAL,T2,t2_change_int_literal,ok,1,True,T2,True,1.0,0.1613,0.1613
R00054,1,MUTATION,T2,t2_change_int_literal,ok,3,True,T2,True,1.0,1.0,1.0
R00054,2,CLONE_INTERVAL,T1,t1_add_blank_line,ok,1,True,T2,False,0.8571,0.0968,0.0952
R00054,3,MUTATION,T1,t1_add_blank_line,ok,3,False,,False,0.0,0.0,0.0
R00054,4,UNTOUCHED,T1,none,ok,3,True,T1,True,0.75,0.3,0.2727
R00054,5,UNTOUCHED,T1,none,ok,3,True,T1,True,0.5,0.0732,0.0682
R00054,6,UNTOUCHED,T1,none,ok,3,True,T1,True,0.6,0.0732,0.0698
R00054,7,UNTOUCHED,T1,none,ok,3,True,T1,True,0.7,0.1707,0.1591
R00055,0,CLONE_INTERVAL,T3,t3_insert_statement,ok,1,True,T3,True,1.0,0.0652,0.0652
R00055,1,MUTATION,T3,t3_insert_statement,ok,3,True,T3,True,1.0,1.0,1.0
R00055,2,CLONE_INTERVAL,T1,t1_add_blank_line,ok,1,True,T3,False,1.0,0.0667,0.0667
R00055,3,MUTATION,T1,t1_add_blank_line,ok,3,False,,False,0.0,0.0,0.0
R00055,4,UNTOUCHED,T1,none,ok,3,True,T1,True,0.6,0.0882,0.0833
R00055,5,UNTOUCHED,T1,none,ok,3,True,T1,True,0.7143,0.125,0.119
R00055,6,UNTOUCHED,T1,none,ok,3,True,T1,True,0.6,0.075,0.0714
R00055,7,UNTOUCHED,T1,none,ok,3,True,T1,True,0.7143,0.125,0.119
R00056,0,CLONE_INTERVAL,T1,t1_add_blank_line,ok,1,True,T1,True,1.0,0.1935,0.1935
R00056,1,MUTATION,T1,t1_add_blank_line,ok,1,False,,False,0.0,0.0,0.0
R00056,2,CLONE_INTERVAL,T1,t1_add_eol_comment,ok,1,False,,False,0.6667,0.125,0.1176
R00056,3,MUTATION,T1,t1_add_eol_comment,ok,1,False,,False,0.0,0.0,0.0
R00056,4,UNTOUCHED,T1,none,ok,1,True,T1,True,0.3333,0.0385,0.0357
R00056,5,UNTOUCHED,T1,none,ok,1,True,T1,True,0.6667,0.2308,0.2069
R00056,6,UNTOUCHED,T1,none,ok,1,True,T1,True,0.5556,0.3846,0.2941
R00057,0,CLONE_INTERVAL,T1,t1_reindent,ok,2,True,T1,True,0.8571,0.2727,0.2609
R00057,1,MUTATION,T1,t1_reindent,ok,2,True,T1,True,0.8571,0.3,0.2857
R00057,3,CLONE_INTERVAL,T1,t1_reindent,ok,2,True,T1,True,1.0,0.3182,0.3182
R00057,4,MUTATION,T1,t1_reindent,ok,2,True,T1,True,0.7143,0.25,0.2273
R00057,6,UNTOUCHED,T1,none,ok,2,True,T1,True,0.75,0.15,0.1429
R00057,7,UNTOUCHED,T1,none,ok,2,True,T1,True,0.6667,0.2,0.1818
R00057,8,UNTOUCHED,T1,none,ok,2,True,T1,True,0.6667,0.1,0.0952
R00058,0,CLONE_INTERVAL,T3,t3_delete_statement,ok,1,True,T3,True,1.0,0.2,0.2
R00058,1,MUTATION,T3,t3_delete_statement,ok,6,True,T2,False,1.0,0.5,0.5
R00058,2,CLONE_INTERVAL,T2,t2_rename_local,ok,1,True,T3,False,1.0,0.2692,0.2692
R00058,3,MUTATION,T2,t2_rename_local,ok,6,True,T2,True,1.0,1.0,1.0
R00058,4,UNTOUCHED,T1,none,ok,6,True,T1,True,0.6667,0.4,0.3333
R00058,5,UNTOUCHED,T1,none,ok,6,True,T1,True,0.8333,0.8333,0.7143
R00058,6,UNTOUCHED,T1,none,ok,6,True,T1,True,0.6667,0.8,0.5714
R00059,0,CLONE_INTERVAL,T3,t3_wrap_statement,ok,1,True,T3,True,0.8571,0.1304,0.1277
R00059,1,MUTATION,T3,t3_wrap_statement,ok,3,True,T3,True,1.0,0.5,0.5
R00059,2,CLONE_INTERVAL,T1,t1_add_blank_line,ok,1,False,,False,0.625,0.102,0.0962
R00059,3,MUTATION,T1,t1_add_blank_line,ok,3,False,,False,0.0,0.0,0.0
R00059,4,UNTOUCHED,T1,none,ok,3,True,T1,True,0.8333,0.4545,0.4167
R00059,5,UNTOUCHED,T1,none,ok,3,True,T1,True,1.0,0.0645,0.0645
R00059,6,UNTOUCHED,T1,none,ok,3,True,T1,True,0.6667,0.1935,0.1765
R00060,0,CLONE_INTERVAL,T1,t1_add_blank_line,ok,1,True,T1,True,0.8571,0.2,0.1935
R00060,1,MUTATION,T1,t1_add_blank_line,ok,1,False,,False,0.0,0.0,0.0
R00060,2,CLONE_INTERVAL,T1,t1_add_eol_comment,ok,1,True,T1,True,1.0,0.2333,0.2333
R00060,3,MUTATION,T1,t1_add_eol_comment,ok,1,True,T1,True,1.0,0.0385,0.0385
R00060,4,UNTOUCHED,T1,none,ok,1,True,T1,True,0.6667,0.0769,0.0741
R00060,5,UNTOUCHED,T1,none,ok,1,True,T1,True,1.0,0.1154,0.1154
R00060,6,UNTOUCHED,T1,none,ok,1,True,T1,True,0.6429,0.3462,0.2903
R00061,0,CLONE_INTERVAL,T3,t3_delete_statement,ok,1,True,T3,True,1.0,0.1515,0.1515
R00061,1,MUTATION,T3,t3_delete_statement,ok,6,True,T2,False,1.0,0.25,0.25
R00061,2,CLONE_INTERVAL,T3,t3_insert_statement,ok,1,True,T3,True,1.0,0.2727,0.2727
R00061,3,MUTATION,T3,t3_insert_statement,ok,6,True,T3,True,1.0,1.0,1.0
R00061,4,UNTOUCHED,T1,none,ok,6,True,T1,True,0.7143,0.8333,0.625
R00061,5,UNTOUCHED,T1,none,ok,6,True,T1,True,0.875,0.5,0.4667
R00061,6,UNTOUCHED,T1,none,ok,6,True,T1,True,0.4286,1.0,0.4286
R00062,0,CLONE_INTERVAL,T2,t2_change_int_literal,ok,2,True,T3,False,1.0,0.08,0.08
R00062,1,MUTATION,T2,t2_change_int_literal,ok,6,True,T2,True,1.0,1.0,1.0
R00062,2,CLONE_INTERVAL,T3,t3_insert_statement,ok,2,True,T3,True,1.0,0.1081,0.1081
R00062,3,MUTATION,T3,t3_insert_statement,ok,6,True,T3,True,1.0,1.0,1.0
R00062,4,UNTOUCHED,T1,none,ok,6,True,T1,True,0.625,0.4167,0.3333
R00062,5,UNTOUCHED,T1,none,ok,6,True,T1,True,0.6,0.1034,0.0968
R00062,6,UNTOUCHED,T1,none,ok,6,True,T1,True,0.6667,0.1379,0.129
R00062,7,UNTOUCHED,T1,none,ok,6,True,T1,True,0.6667,0.4706,0.381
R00063,0,CLONE_INTERVAL,T1,t1_add_eol_comment,ok,1,True,T3,False,0.8571,0.0811,0.08
R00063,1,MUTATION,T1,t1_add_eol_comment,ok,3,False,,False,0.0,0.0,0.0
R00063,2,CLONE_INTERVAL,T3,t3_insert_statement,ok,1,True,T3,True,1.0,0.1096,0.1096
R00063,3,MUTATION,T3,t3_insert_statement,ok,3,True,T3,True,1.0,1.0,1.0
R00063,4,UNTOUCHED,T1,none,ok,3,True,T1,True,0.5,0.0732,0.0682
R00063,5,UNTOUCHED,T1,none,ok,3,True,T1,True,0.6,0.0732,0.0698
R00063,6,UNTOUCHED,T1,none,ok,3,True,T1,True,0.5455,0.1463,0.1304
R00063,7,UNTOUCHED,T1,none,ok,3,True,T1,True,0.6,0.12,0.1111
R00064,0,CLONE_INTERVAL,T1,t1_reindent,ok,1,True,T1,True,1.0,0.3448,0.3448
R00064,1,MUTATION,T1,t1_reindent,ok,1,True,T1,True,0.7,0.3043,0.2692
R00064,2,CLONE_INTERVAL,T1,t1_add_block_comment,ok,1,True,T1,True,0.8571,0.2069,0.2
R00064,3,MUTATION,T1,t1_add_block_comment,ok,1,False,,False,0.0,0.0,0.0
R00064,4,UNTOUCHED,T1,none,ok,1,True,T1,True,0.8571,0.2609,0.25
R00064,5,UNTOUCHED,T1,none,ok,1,True,T1,True,0.6,0.1304,0.12
R00064,6,UNTOUCHED,T1,none,ok,1,True,T1,True,0.6667,0.087,0.0833
R00065,0,CLONE_INTERVAL,T3,t3_delete_statement,ok,1,False,,False,0.2857,0.0455,0.0455
R00065,1,MUTATION,T3,t3_delete_statement,ok,5,True,T3,True,0.1667,1.0,0.1667
R00065,2,CLONE_INTERVAL,T3,t3_wrap_statement,ok,1,True,T3,True,1.0,0.381,0.381
R00065,3,MUTATION,T3,t3_wrap_statement,ok,5,True,T3,True,1.0,1.0,1.0
R00065,4,UNTOUCHED,T1,none,ok,5,True,T1,True,0.1667,0.5,0.1429
R00065,5,UNTOUCHED,T1,none,ok,5,True,T1,True,0.2308,0.75,0.2143
R00065,6,UNTOUCHED,T1,none,ok,5,True,T1,True,0.6667,0.5,0.4
R00066,0,CLONE_INTERVAL,T3,t3_insert_statement,ok,1,True,T3,True,1.0,0.3333,0.3333
R00066,1,MUTATION,T3,t3_insert_statement,ok,5,True,T3,True,1.0,1.0,1.0
R00066,2,CLONE_INTERVAL,T2,t2_rename_local,ok,1,True,T3,False,1.0,0.1765,0.1765
R00066,3,MUTATION,T2,t2_rename_local,ok,5,True,T2,True,1.0,1.0,1.0
R00066,4,UNTOUCHED,T1,none,ok,5,True,T1,True,0.5,0.5,0.3333
R00066,5,UNTOUCHED,T1,none,ok,5,True,T1,True,0.5,0.2222,0.1818
R00066,6,UNTOUCHED,T1,none,ok,5,True,T1,True,0.5625,1.0,0.5625
R00067,0,CLONE_INTERVAL,T2,t2_change_string_literal,ok,1,True,T2,True,1.0,0.2683,0.2683
R00067,1,MUTATION,T2,t2_change_string_literal,ok,3,True,T2,True,1.0,1.0,1.0
R00067,2,CLONE_INTERVAL,T1,t1_add_eol_comment,ok,1,True,T2,False,1.0,0.2195,0.2195
R00067,3,MUTATION,T1,t1_add_eol_comment,ok,3,False,,False,0.0,0.0,0.0
R00067,4,UNTOUCHED,T1,none,ok,3,True,T1,True,0.8333,0.4545,0.4167
R00067,5,UNTOUCHED,T1,none,ok,3,True,T1,True,0.7143,0.2632,0.2381
R00067,6,UNTOUCHED,T1,none,ok,3,True,T1,True,0.6,0.3158,0.2609
R00068,0,CLONE_INTERVAL,T1,t1_add_block_comment,ok,1,True,T1,True,0.7778,0.07,0.0686
R00068,1,MUTATION,T1,t1_add_block_comment,ok,1,False,,False,0.0,0.0,0.0
R00068,2,CLONE_INTERVAL,T1,t1_add_block_comment,ok,1,True,T1,True,0.8889,0.0808,0.08
R00068,3,MUTATION,T1,t1_add_block_comment,ok,1,True,T1,True,1.0,0.0119,0.0119
R00068,4,UNTOUCHED,T1,none,ok,1,True,T1,True,0.6,0.0357,0.0349
R00068,5,UNTOUCHED,T1,none,ok,1,True,T1,True,0.7,0.0833,0.0805
R00068,6,UNTOUCHED,T1,none,ok,1,True,T1,True,0.5,0.0238,0.0233
R00068,7,UNTOUCHED,T1,none,ok,1,True,T1,True,0.7,0.0833,0.0805
R00069,0,CLONE_INTERVAL,T2,t2_change_string_literal,ok,2,True,T2,True,1.0,0.1714,0.1714
R00069,1,MUTATION,T2,t2_change_string_literal,ok,4,True,T2,True,1.0,1.0,1.0
R00069,2,CLONE_INTERVAL,T1,t1_add_block_comment,ok,2,False,,False,0.0,0.0,0.0
R00069,3,MUTATION,T1,t1_add_block_comment,ok,4,False,,False,0.0,0.0,0.0
R00069,4,UNTOUCHED,T1,none,ok,4,True,T1,True,0.75,0.375,0.3333
R00069,5,UNTOUCHED,T1,none,ok,4,True,T1,True,0.6667,0.5263,0.4167
R00069,6,UNTOUCHED,T1,none,ok,4,False,,False,0.0,0.0,0.0
R00069,7,UNTOUCHED,T1,none,ok,4,False,,False,0.0,0.0,0.0
R00070,0,CLONE_INTERVAL,T3,t3_wrap_statement,ok,1,False,,False,0.6667,0.0755,0.0727
R00070,1,MUTATION,T3,t3_wrap_statement,ok,7,True,T3,True,1.0,0.5,0.5
R00070,2,CLONE_INTERVAL,T2,t2_rename_local,ok,1,True,T3,False,1.0,0.3036,0.3036
R00070,3,MUTATION,T2,t2_rename_local,ok,7,True,T2,True,1.0,1.0,1.0
R00070,3,MUTATION,T2,t2_rename_local,ok,7,True,T2,True,1.0,0.3333,0.3333
R00070,3,MUTATION,T2,t2_rename_local,ok,7,True,T2,True,1.0,0.6667,0.6667
R00070,6,UNTOUCHED,T1,none,ok,7,True,T1,True,0.6667,0.6667,0.5
R00070,7,UNTOUCHED,T1,none,ok,7,True,T1,True,0.3333,0.5,0.25
R00070,8,UNTOUCHED,T1,none,ok,7,True,T1,True,0.7143,1.0,0.7143
R00071,0,CLONE_INTERVAL,T1,t1_reindent,ok,1,True,T2,False,1.0,0.2727,0.2727
R00071,1,MUTATION,T1,t1_reindent,ok,3,True,T1,True,0.7778,0.3333,0.3043
R00071,2,CLONE_INTERVAL,T2,t2_change_string_literal,ok,1,True,T2,True,1.0,0.303,0.303
R00071,3,MUTATION,T2,t2_change_string_literal,ok,3,True,T2,True,1.0,1.0,1.0
R00071,4,UNTOUCHED,T1,none,ok,3,True,T1,True,0.75,0.1429,0.1364
R00071,5,UNTOUCHED,T1,none,ok,3,True,T1,True,0.6667,0.2857,0.25
R00071,6,UNTOUCHED,T1,none,ok,3,True,T1,True,0.6667,0.6667,0.5
R00072,0,CLONE_INTERVAL,T3,t3_delete_statement,ok,1,False,,False,0.0,0.0,0.0
R00072,1,MUTATION,T3,t3_delete_statement,ok,3,False,,False,0.0,0.0,0.0
R00072,2,CLONE_INTERVAL,T3,t3_wrap_statement,ok,1,True,T3,True,1.0,0.2609,0.2609
R00072,3,MUTATION,T3,t3_wrap_statement,ok,3,True,T3,True,1.0,1.0,1.0
R00072,4,UNTOUCHED,T1,none,ok,3,False,,False,0.0,0.0,0.0
R00072,5,UNTOUCHED,T1,none,ok,3,True,T1,True,0.375,0.75,0.3333
R00072,6,UNTOUCHED,T1,none,ok,3,True,T1,True,0.5263,0.7692,0.4545
R00073,0,CLONE_INTERVAL,T2,t2_rename_local,ok,1,True,T3,False,1.0,0.3913,0.3913
R00073,1,MUTATION,T2,t2_rename_local,ok,5,True,T2,True,1.0,1.0,1.0
R00073,2,CLONE_INTERVAL,T3,t3_delete_statement,ok,1,True,T3,True,1.0,0.2273,0.2273
R00073,3,MUTATION,T3,t3_delete_statement,ok,5,True,T3,True,1.0,1.0,1.0
R00073,4,UNTOUCHED,T1,none,ok,5,True,T1,True,0.6667,0.6667,0.5
R00073,5,UNTOUCHED,T1,none,ok,5,True,T1,True,0.8,0.3636,0.3333
R00073,6,UNTOUCHED,T1,none,ok,5,True,T1,True,0.5,1.0,0.5
R00074,0,CLONE_INTERVAL,T1,t1_add_block_comment,ok,2,True,T1,True,0.7143,0.1471,0.1389
R00074,1,MUTATION,T1,t1_add_block_comment,ok,2,False,,False,0.0,0.0,0.0
R00074,2,CLONE_INTERVAL,T1,t1_reindent,ok,2,False,,False,0.0,0.0,0.0
R00074,3,MUTATION,T1,t1_reindent,ok,2,False,,False,0.0,0.0,0.0
R00074,4,UNTOUCHED,T1,none,ok,2,True,T1,True,0.4545,0.1667,0.1389
R00074,5,UNTOUCHED,T1,none,ok,2,True,T1,True,0.6667,0.1333,0.125
R00074,6,UNTOUCHED,T1,none,ok,2,False,,False,0.0,0.0,0.0
R00074,7,UNTOUCHED,T1,none,ok,2,False,,False,0.0,0.0,0.0
R00075,0,CLONE_INTERVAL,T2,t2_change_int_literal,ok,1,True,T2,True,1.0,0.0759,0.0759
R00075,1,MUTATION,T2,t2_change_int_literal,ok,5,True,T2,True,1.0,1.0,1.0
R00075,2,CLONE_INTERVAL,T2,t2_change_int_literal,ok,1,True,T2,True,1.0,0.0759,0.0759
R00075,3,MUTATION,T2,t2_change_int_literal,ok,5,True,T2,True,1.0,1.0,1.0
R00075,4,UNTOUCHED,T1,none,ok,5,True,T1,True,0.6,0.1034,0.0968
R00075,5,UNTOUCHED,T1,none,ok,5,True,T1,True,0.7,0.5,0.4118
R00075,6,UNTOUCHED,T1,none,ok,5,True,T1,True,0.6,0.2143,0.1875
R00075,7,UNTOUCHED,T1,none,ok,5,True,T1,True,0.7,0.3684,0.3182
R00076,0,CLONE_INTERVAL,T2,t2_change_int_literal,ok,1,False,,False,0.5,0.0938,0.0857
R00076,1,MUTATION,T2,t2_change_int_literal,ok,3,True,T2,True,1.0,1.0,1.0
R00076,2,CLONE_INTERVAL,T1,t1_add_blank_line,ok,1,True,T2,False,1.0,0.2258,0.2258
R00076,3,MUTATION,T1,t1_add_blank_line,ok,3,True,T1,True,1.0,0.0526,0.0526
R00076,4,UNTOUCHED,T1,none,ok,3,True,T1,True,0.6667,0.6667,0.5
R00076,5,UNTOUCHED,T1,none,ok,3,True,T1,True,0.7143,0.2632,0.2381
R00076,6,UNTOUCHED,T1,none,ok,3,True,T1,True,0.5333,0.4211,0.3077
R00077,0,CLONE_INTERVAL,T1,t1_reindent,ok,1,True,T2,False,1.0,0.1455,0.1455
R00077,1,MUTATION,T1,t1_reindent,ok,3,True,T1,True,0.75,0.3529,0.3158
R00077,2,CLONE_INTERVAL,T2,t2_change_int_literal,ok,1,True,T2,True,1.0,0.1091,0.1091
R00077,3,MUTATION,T2,t2_change_int_literal,ok,3,True,T2,True,1.0,1.0,1.0
R00077,4,UNTOUCHED,T1,none,ok,3,True,T1,True,0.75,0.1765,0.1667
R00077,5,UNTOUCHED,T1,none,ok,3,True,T1,True,0.8,0.4706,0.4211
R00077,6,UNTOUCHED,T1,none,ok,3,True,T1,True,0.7586,0.88,0.6875
R00078,0,CLONE_INTERVAL,T2,t2_rename_local,ok,1,True,T2,True,0.8571,0.1395,0.1364
R00078,1,MUTATION,T2,t2_rename_local,ok,3,True,T2,True,1.0,1.0,1.0
R00078,2,CLONE_INTERVAL,T1,t1_add_eol_comment,ok,1,True,T2,False,1.0,0.2558,0.2558
R00078,3,MUTATION,T1,t1_add_eol_comment,ok,3,True,T1,True,1.0,0.0455,0.0455
R00078,4,UNTOUCHED,T1,none,ok,3,True,T1,True,0.7,0.875,0.6364
R00078,5,UNTOUCHED,T1,none,ok,3,True,T1,True,0.7222,0.5909,0.4815
R00078,6,UNTOUCHED,T1,none,ok,3,True,T1,True,0.3333,0.0455,0.0417
R00079,0,CLONE_INTERVAL,T1,t1_add_blank_line,ok,1,True,T1,True,1.0,0.0645,0.0645
R00079,1,MUTATION,T1,t1_add_blank_line,ok,1,False,,False,0.0,0.0,0.0
R00079,2,CLONE_INTERVAL,T1,t1_add_block_comment,ok,1,True,T1,True,0.8571,0.0638,0.0632
R00079,3,MUTATION,T1,t1_add_block_comment,ok,1,False,,False,0.0,0.0,0.0
R00079,4,UNTOUCHED,T1,none,ok,1,True,T1,True,0.625,0.0625,0.0602
R00079,5,UNTOUCHED,T1,none,ok,1,True,T1,True,0.6667,0.075,0.0723
R00079,6,UNTOUCHED,T1,none,ok,1,True,T1,True,0.625,0.0625,0.0602
R00079,7,UNTOUCHED,T1,none,ok,1,True,T1,True,0.6667,0.075,0.0723
R00080,0,CLONE_INTERVAL,T3,t3_insert_statement,ok,1,True,T3,True,1.0,0.36,0.36
R00080,1,MUTATION,T3,t3_insert_statement,ok,5,True,T3,True,1.0,1.0,1.0
R00080,2,CLONE_INTERVAL,T3,t3_wrap_statement,ok,1,True,T3,True,1.0,0.2727,0.2727
R00080,3,MUTATION,T3,t3_wrap_statement,ok,5,True,T3,True,1.0,1.0,1.0
R00080,4,UNTOUCHED,T1,none,ok,5,True,T1,True,0.6667,0.6667,0.5
R00080,5,UNTOUCHED,T1,none,ok,5,True,T1,True,0.6667,0.25,0.2222
R00080,6,UNTOUCHED,T1,none,ok,5,True,T1,True,0.5,0.4,0.2857
R00081,0,CLONE_INTERVAL,T2,t2_change_int_literal,ok,1,True,T2,True,1.0,0.1622,0.1622
R00081,1,MUTATION,T2,t2_change_int_literal,ok,5,True,T2,True,1.0,1.0,1.0
R00081,2,CLONE_INTERVAL,T2,t2_change_string_literal,ok,1,True,T2,True,1.0,0.1622,0.1622
R00081,3,MUTATION,T2,t2_change_string_literal,ok,5,True,T2,True,1.0,1.0,1.0
R00081,4,UNTOUCHED,T1,none,ok,5,True,T1,True,0.75,1.0,0.75
R00081,5,UNTOUCHED,T1,none,ok,5,True,T1,True,0.5238,0.6111,0.3929
R00081,6,UNTOUCHED,T1,none,ok,5,True,T1,True,0.6667,0.8,0.5714
R00082,0,CLONE_INTERVAL,T1,t1_add_eol_comment,ok,1,True,T2,False,1.0,0.2069,0.2069
R00082,1,MUTATION,T1,t1_add_eol_comment,ok,3,True,T1,True,1.0,0.0833,0.0833
R00082,2,CLONE_INTERVAL,T2,t2_change_string_literal,ok,1,True,T2,True,1.0,0.3103,0.3103
R00082,3,MUTATION,T2,t2_change_string_literal,ok,3,True,T2,True,1.0,1.0,1.0
R00082,4,UNTOUCHED,T1,none,ok,3,True,T1,True,0.6667,0.1667,0.1538
R00082,5,UNTOUCHED,T1,none,ok,3,True,T1,True,0.6667,0.1667,0.1538
R00082,6,UNTOUCHED,T1,none,ok,3,True,T1,True,0.7,0.7,0.5385
R00083,0,CLONE_INTERVAL,T3,t3_delete_statement,ok,1,True,T3,True,1.0,0.1923,0.1923
R00083,1,MUTATION,T3,t3_delete_statement,ok,5,True,T3,True,1.0,1.0,1.0
R00083,2,CLONE_INTERVAL,T2,t2_change_int_literal,ok,1,True,T3,False,1.0,0.2222,0.2222
R00083,3,MUTATION,T2,t2_change_int_literal,ok,5,True,T2,True,1.0,1.0,1.0
R00083,4,UNTOUCHED,T1,none,ok,5,True,T1,True,0.75,0.5,0.4286
R00083,5,UNTOUCHED,T1,none,ok,5,True,T1,True,0.7,0.7778,0.5833
R00083,6,UNTOUCHED,T1,none,ok,5,True,T1,True,0.6667,0.5,0.4
R00084,0,CLONE_INTERVAL,T3,t3_insert_statement,ok,1,True,T3,True,1.0,0.1765,0.1765
R00084,1,MUTATION,T3,t3_insert_statement,ok,5,True,T3,True,1.0,1.0,1.0
R00084,2,CLONE_INTERVAL,T3,t3_insert_statement,ok,1,True,T3,True,1.0,0.1875,0.1875
R00084,3,MUTATION,T3,t3_insert_statement,ok,5,True,T3,True,1.0,1.0,1.0
R00084,4,UNTOUCHED,T1,none,ok,5,True,T1,True,0.6667,0.25,0.2222
R00084,5,UNTOUCHED,T1,none,ok,5,True,T1,True,0.8333,0.5556,0.5
R00084,6,UNTOUCHED,T1,none,ok,5,True,T1,True,0.75,0.5455,0.4615
R00085,0,CLONE_INTERVAL,T1,t1_add_eol_comment,ok,1,True,T2,False,1.0,0.1538,0.1538
R00085,1,MUTATION,T1,t1_add_eol_comment,ok,3,True,T1,True,1.0,0.0625,0.0625
R00085,2,CLONE_INTERVAL,T2,t2_change_int_literal,ok,1,True,T2,True,1.0,0.4103,0.4103
R00085,3,MUTATION,T2,t2_change_int_literal,ok,3,True,T2,True,1.0,1.0,1.0
R00085,4,UNTOUCHED,T1,none,ok,3,True,T1,True,0.6667,0.125,0.1176
R00085,5,UNTOUCHED,T1,none,ok,3,True,T1,True,0.8,0.25,0.2353
R00085,6,UNTOUCHED,T1,none,ok,3,True,T1,True,0.4545,0.3125,0.2273
R00085,7,UNTOUCHED,T1,none,ok,3,True,T1,True,0.5714,0.2857,0.2353
R00086,0,CLONE_INTERVAL,T2,t2_rename_local,ok,1,False,,False,0.6667,0.0816,0.0784
R00086,1,MUTATION,T2,t2_rename_local,ok,3,True,T2,True,0.6667,1.0,0.6667
R00086,3,CLONE_INTERVAL,T1,t1_reindent,ok,1,False,,False,0.0,0.0,0.0
R00086,4,MUTATION,T1,t1_reindent,ok,3,False,,False,0.0,0.0,0.0
R00086,5,UNTOUCHED,T1,none,ok,3,True,T1,True,0.6667,0.375,0.3158
R00086,6,UNTOUCHED,T1,none,ok,3,True,T1,True,0.6,0.1154,0.1071
R00086,7,UNTOUCHED,T1,none,ok,3,False,,False,0.0,0.0,0.0
R00086,8,UNTOUCHED,T1,none,ok,3,False,,False,0.0,0.0,0.0
R00087,0,CLONE_INTERVAL,T1,t1_reindent,ok,1,True,T2,False,1.0,0.1818,0.1818
R00087,1,MUTATION,T1,t1_reindent,ok,3,True,T1,True,0.6667,0.2353,0.2105
R00087,2,CLONE_INTERVAL,T2,t2_change_string_literal,ok,1,True,T2,True,1.0,0.2121,0.2121
R00087,3,MUTATION,T2,t2_change_string_literal,ok,3,True,T2,True,1.0,1.0,1.0
R00087,4,UNTOUCHED,T1,none,ok,3,True,T1,True,0.8889,0.4706,0.4444
R00087,5,UNTOUCHED,T1,none,ok,3,True,T1,True,0.5714,0.2353,0.2
R00087,6,UNTOUCHED,T1,none,ok,3,True,T1,True,0.6667,0.6667,0.5
R00088,0,CLONE_INTERVAL,T3,t3_insert_statement,ok,2,True,T3,True,1.0,0.15,0.15
R00088,1,MUTATION,T3,t3_insert_statement,ok,6,True,T3,True,1.0,1.0,1.0
R00088,2,CLONE_INTERVAL,T2,t2_change_int_literal,ok,2,True,T3,False,1.0,0.1707,0.1707
R00088,3,MUTATION,T2,t2_change_int_literal,ok,6,True,T2,True,1.0,1.0,1.0
R00088,4,UNTOUCHED,T1,none,ok,6,True,T1,True,0.6667,0.6667,0.5
R00088,5,UNTOUCHED,T1,none,ok,6,True,T1,True,0.6,0.6,0.4286
R00088,6,UNTOUCHED,T1,none,ok,6,True,T1,True,0.6,0.6429,0.45
R00089,0,CLONE_INTERVAL,T3,t3_wrap_statement,ok,1,True,T3,True,1.0,0.1818,0.1818
R00089,1,MUTATION,T3,t3_wrap_statement,ok,5,True,T3,True,1.0,1.0,1.0
R00089,2,CLONE_INTERVAL,T3,t3_wrap_statement,ok,1,True,T3,True,1.0,0.2727,0.2727
R00089,3,MUTATION,T3,t3_wrap_statement,ok,5,True,T3,True,1.0,1.0,1.0
R00089,4,UNTOUCHED,T1,none,ok,5,True,T1,True,0.6667,1.0,0.6667
R00089,5,UNTOUCHED,T1,none,ok,5,True,T1,True,0.7,0.5385,0.4375
R00089,6,UNTOUCHED,T1,none,ok,5,True,T1,True,0.7143,0.5,0.4167
R00090,0,CLONE_INTERVAL,T3,t3_wrap_statement,ok,1,True,T3,True,0.8571,0.2143,0.2069
R00090,1,MUTATION,T3,t3_wrap_statement,ok,3,True,T3,True,1.0,1.0,1.0
R00090,2,CLONE_INTERVAL,T1,t1_reindent,ok,1,True,T3,False,0.9231,0.4,0.3871
R00090,3,MUTATION,T1,t1_reindent,ok,3,True,T1,True,0.6154,0.4706,0.3636
R00090,6,UNTOUCHED,T1,none,ok,3,True,T1,True,0.6667,0.5,0.4
R00090,7,UNTOUCHED,T1,none,ok,3,True,T1,True,0.5714,0.2353,0.2
R00090,8,UNTOUCHED,T1,none,ok,3,True,T1,True,0.6,0.1765,0.1579
R00091,0,CLONE_INTERVAL,T1,t1_add_eol_comment,ok,1,True,T2,False,1.0,0.1429,0.1429
R00091,1,MUTATION,T1,t1_add_eol_comment,ok,3,True,T1,True,1.0,0.0417,0.0417
R00091,2,CLONE_INTERVAL,T2,t2_change_int_literal,ok,1,True,T2,True,1.0,0.1667,0.1667
R00091,3,MUTATION,T2,t2_change_int_literal,ok,3,True,T2,True,1.0,1.0,1.0
R00091,4,UNTOUCHED,T1,none,ok,3,True,T1,True,0.3333,0.0417,0.0385
R00091,5,UNTOUCHED,T1,none,ok,3,True,T1,True,0.8571,0.75,0.6667
R00091,6,UNTOUCHED,T1,none,ok,3,True,T1,True,0.625,0.5556,0.4167
R00092,0,CLONE_INTERVAL,T1,t1_add_blank_line,ok,1,True,T1,True,0.8333,0.0568,0.0562
R00092,1,MUTATION,T1,t1_add_blank_line,ok,1,True,T1,True,1.0,0.0137,0.0137
R00092,2,CLONE_INTERVAL,T1,t1_add_blank_line,ok,1,True,T1,True,0.7143,0.0562,0.0549
R00092,3,MUTATION,T1,t1_add_blank_line,ok,1,False,,False,0.0,0.0,0.0
R00092,4,UNTOUCHED,T1,none,ok,1,False,,False,0.0,0.0,0.0
R00092,5,UNTOUCHED,T1,none,ok,1,True,T1,True,0.5556,0.0685,0.0649
R00092,6,UNTOUCHED,T1,none,ok,1,False,,False,0.0,0.0,0.0
R00092,7,UNTOUCHED,T1,none,ok,1,True,T1,True,0.5556,0.0685,0.0649
R00093,0,CLONE_INTERVAL,T3,t3_wrap_statement,ok,1,True,T3,True,0.875,0.2059,0.2
R00093,1,MUTATION,T3,t3_wrap_statement,ok,3,True,T3,True,1.0,0.5,0.5
R00093,2,CLONE_INTERVAL,T1,t1_add_blank_line,ok,1,True,T3,False,1.0,0.2353,0.2353
R00093,3,MUTATION,T1,t1_add_blank_line,ok,3,True,T1,True,1.0,0.0556,0.0556
R00093,4,UNTOUCHED,T1,none,ok,3,True,T1,True,0.875,0.875,0.7778
R00093,5,UNTOUCHED,T1,none,ok,3,True,T1,True,0.5,0.2222,0.1818
R00093,6,UNTOUCHED,T1,none,ok,3,True,T1,True,0.5,0.2222,0.1818
R00094,0,CLONE_INTERVAL,T2,t2_change_int_literal,ok,1,True,T2,True,0.8333,0.1923,0.1852
R00094,1,MUTATION,T2,t2_change_int_literal,ok,5,True,T2,True,1.0,1.0,1.0
R00094,2,CLONE_INTERVAL,T2,t2_change_int_literal,ok,1,True,T2,True,1.0,0.3846,0.3846
R00094,3,MUTATION,T2,t2_change_int_literal,ok,5,True,T2,True,1.0,1.0,1.0
R00094,4,UNTOUCHED,T1,none,ok,5,True,T1,True,0.4,0.5,0.2857
R00094,5,UNTOUCHED,T1,none,ok,5,True,T1,True,0.5,0.6667,0.4
R00094,6,UNTOUCHED,T1,none,ok,5,True,T1,True,0.4286,0.375,0.25
R00095,0,CLONE_INTERVAL,T3,t3_delete_statement,ok,1,True,T3,True,1.0,0.2632,0.2632
R00095,1,MUTATION,T3,t3_delete_statement,ok,5,True,T3,True,1.0,1.0,1.0
R00095,2,CLONE_INTERVAL,T3,t3_delete_statement,ok,1,True,T3,True,1.0,0.4211,0.4211
R00095,3,MUTATION,T3,t3_delete_statement,ok,5,True,T3,True,1.0,1.0,1.0
R00095,4,UNTOUCHED,T1,none,ok,5,True,T1,True,0.25,0.2,0.125
R00095,5,UNTOUCHED,T1,none,ok,5,True,T1,True,0.6,0.75,0.5
R00095,6,UNTOUCHED,T1,none,ok,5,True,T1,True,0.3333,0.1667,0.125
R00096,0,CLONE_INTERVAL,T1,t1_add_block_comment,ok,5,True,T1,True,0.7143,0.0943,0.0909
R00096,1,MUTATION,T1,t1_add_block_comment,ok,5,False,,False,0.0,0.0,0.0
R00096,2,CLONE_INTERVAL,T1,t1_add_block_comment,ok,5,True,T1,True,1.0,0.1731,0.1731
R00096,3,MUTATION,T1,t1_add_block_comment,ok,5,False,,False,0.0,0.0,0.0
R00096,4,UNTOUCHED,T1,none,ok,5,True,T1,True,0.6,0.0652,0.0625
R00096,5,UNTOUCHED,T1,none,ok,5,True,T1,True,0.8,0.2609,0.2449
R00096,6,UNTOUCHED,T1,none,ok,5,True,T1,True,0.6667,0.0435,0.0426
R00096,7,UNTOUCHED,T1,none,ok,5,True,T1,True,0.6667,0.2174,0.1961
R00097,0,CLONE_INTERVAL,T1,t1_add_blank_line,ok,1,False,,False,0.1429,0.037,0.0303
R00097,1,MUTATION,T1,t1_add_blank_line,ok,3,False,,False,0.0,0.0,0.0
R00097,2,CLONE_INTERVAL,T2,t2_change_int_literal,ok,1,True,T2,True,1.0,0.2963,0.2963
R00097,3,MUTATION,T2,t2_change_int_literal,ok,3,True,T2,True,1.0,1.0,1.0
R00097,4,UNTOUCHED,T1,none,ok,3,False,,False,0.0,0.0,0.0
R00097,5,UNTOUCHED,T1,none,ok,3,True,T1,True,1.0,0.6,0.6
R00097,6,UNTOUCHED,T1,none,ok,3,True,T1,True,0.6875,0.7333,0.55
R00098,0,CLONE_INTERVAL,T1,t1_add_block_comment,ok,19,True,T1,True,1.0,0.3929,0.3929
R00098,1,MUTATION,T1,t1_add_block_comment,ok,19,False,,False,0.0,0.0,0.0
R00098,2,CLONE_INTERVAL,T1,t1_add_block_comment,ok,19,True,T1,True,1.0,0.5294,0.5294
R00098,3,MUTATION,T1,t1_add_block_comment,ok,19,True,T1,True,1.0,0.0769,0.0769
R00098,4,UNTOUCHED,T1,none,ok,19,True,T1,True,0.6667,0.087,0.0833
R00098,5,UNTOUCHED,T1,none,ok,19,True,T1,True,0.6,0.5217,0.3871
R00098,6,UNTOUCHED,T1,none,ok,19,True,T1,True,0.6667,0.1538,0.1429
R00098,7,UNTOUCHED,T1,none,ok,19,True,T1,True,0.5714,0.3077,0.25
R00099,0,CLONE_INTERVAL,T3,t3_insert_statement,ok,1,False,,False,0.0,0.0,0.0
R00099,1,MUTATION,T3,t3_insert_statement,ok,3,False,,False,0.0,0.0,0.0
R00099,2,CLONE_INTERVAL,T3,t3_delete_statement,ok,1,True,T3,True,1.0,0.2593,0.2593
R00099,3,MUTATION,T3,t3_delete_statement,ok,3,True,T3,True,1.0,1.0,1.0
R00099,4,UNTOUCHED,T1,none,ok,3,False,,False,0.0,0.0,0.0
R00099,5,UNTOUCHED,T1,none,ok,3,False,,False,0.0,0.0,0.0
R00099,6,UNTOUCHED,T1,none,ok,3,True,T1,True,0.8571,0.3529,0.3333
R00099,7,UNTOUCHED,T1,none,ok,3,True,T1,True,0.6667,0.4,0.3333
R00100,0,CLONE_INTERVAL,T1,t1_add_eol_comment,ok,1,False,,False,0.0,0.0,0.0
R00100,1,MUTATION,T1,t1_add_eol_comment,ok,1,False,,False,0.0,0.0,0.0
R00100,2,CLONE_INTERVAL,T2,t2_rename_local,ok,1,False,,False,0.0,0.0,0.0
R00100,3,MUTATION,T2,t2_rename_local,ok,1,False,,False,0.0,0.0,0.0
R00100,3,MUTATION,T2,t2_rename_local,ok,1,False,,False,0.0,0.0,0.0
R00100,5,UNTOUCHED,T1,none,ok,1,False,,False,0.0,0.0,0.0
R00100,6,UNTOUCHED,T1,none,ok,1,False,,False,0.0,0.0,0.0
R00100,7,UNTOUCHED,T1,none,ok,1,False,,False,0.0,0.0,0.0
R00100,8,UNTOUCHED,T1,none,ok,1,False,,False,0.0,0.0,0.0
R00101,0,CLONE_INTERVAL,T3,t3_wrap_statement,ok,1,True,T3,True,0.8333,0.0424,0.042
R00101,1,MUTATION,T3,t3_wrap_statement,ok,3,True,T3,True,1.0,1.0,1.0
R00101,2,CLONE_INTERVAL,T1,t1_reindent,ok,1,True,T3,False,0.8333,0.0417,0.0413
R00101,3,MUTATION,T1,t1_reindent,ok,3,True,T1,True,0.6667,0.2105,0.1905
R00101,4,UNTOUCHED,T1,none,ok,3,False,,False,0.0,0.0,0.0
R00101,5,UNTOUCHED,T1,none,ok,3,True,T1,True,0.5556,0.2632,0.2174
R00101,6,UNTOUCHED,T1,none,ok,3,False,,False,0.0,0.0,0.0
R00101,7,UNTOUCHED,T1,none,ok,3,True,T1,True,0.5556,0.2632,0.2174
R00102,0,CLONE_INTERVAL,T1,t1_reindent,ok,1,True,T3,False,1.0,0.2424,0.2424
R00102,1,MUTATION,T1,t1_reindent,ok,3,True,T1,True,0.625,0.25,0.2174
R00102,2,CLONE_INTERVAL,T3,t3_delete_statement,ok,1,True,T3,True,1.0,0.1562,0.1562
R00102,3,MUTATION,T3,t3_delete_statement,ok,3,True,T3,True,1.0,1.0,1.0
R00102,4,UNTOUCHED,T1,none,ok,3,True,T1,True,0.7778,0.35,0.3182
R00102,5,UNTOUCHED,T1,none,ok,3,True,T1,True,0.7143,0.25,0.2273
R00102,6,UNTOUCHED,T1,none,ok,3,True,T1,True,0.6,1.0,0.6
R00103,0,CLONE_INTERVAL,T1,t1_reindent,ok,6,True,T1,True,1.0,0.2222,0.2222
R00103,1,MUTATION,T1,t1_reindent,ok,6,True,T1,True,0.75,0.2222,0.2069
R00103,2,CLONE_INTERVAL,T1,t1_add_blank_line,ok,6,True,T1,True,1.0,0.3429,0.3429
R00103,3,MUTATION,T1,t1_add_blank_line,ok,6,False,,False,0.0,0.0,0.0
R00103,4,UNTOUCHED,T1,none,ok,6,True,T1,True,0.6667,0.1481,0.1379
R00103,5,UNTOUCHED,T1,none,ok,6,True,T1,True,0.6667,0.0741,0.0714
R00103,6,UNTOUCHED,T1,none,ok,6,True,T1,True,0.75,0.2222,0.2069
R00104,0,CLONE_INTERVAL,T1,t1_reindent,ok,1,True,T2,False,1.0,0.2188,0.2188
R00104,1,MUTATION,T1,t1_reindent,ok,7,True,T1,True,0.8571,0.5,0.4615
R00104,2,CLONE_INTERVAL,T2,t2_rename_local,ok,1,True,T2,True,1.0,0.3125,0.3125
R00104,3,MUTATION,T2,t2_rename_local,ok,7,True,T2,True,1.0,1.0,1.0
R00104,3,MUTATION,T2,t2_rename_local,ok,7,True,T2,True,1.0,1.0,1.0
R00104,3,MUTATION,T2,t2_rename_local,ok,7,True,T2,True,1.0,1.0,1.0
R00104,6,UNTOUCHED,T1,none,ok,7,True,T1,True,0.75,0.25,0.2308
R00104,7,UNTOUCHED,T1,none,ok,7,True,T1,True,1.0,0.25,0.25
R00104,8,UNTOUCHED,T1,none,ok,7,True,T1,True,0.5,0.4286,0.3
R00105,0,CLONE_INTERVAL,T2,t2_rename_local,ok,1,True,T2,True,1.0,0.1935,0.1935
R00105,1,MUTATION,T2,t2_rename_local,ok,3,True,T2,True,1.0,1.0,1.0
R00105,2,CLONE_INTERVAL,T1,t1_add_eol_comment,ok,1,True,T2,False,1.0,0.1935,0.1935
R00105,3,MUTATION,T1,t1_add_eol_comment,ok,3,True,T1,True,1.0,0.0588,0.0588
R00105,4,UNTOUCHED,T1,none,ok,3,True,T1,True,0.6667,0.4,0.3333
R00105,5,UNTOUCHED,T1,none,ok,3,True,T1,True,0.6667,0.1176,0.1111
R00105,6,UNTOUCHED,T1,none,ok,3,True,T1,True,0.6667,0.1176,0.1111
R00106,0,CLONE_INTERVAL,T2,t2_change_int_literal,ok,1,True,T3,False,1.0,0.2609,0.2609
R00106,1,MUTATION,T2,t2_change_int_literal,ok,5,True,T2,True,1.0,1.0,1.0
R00106,2,CLONE_INTERVAL,T3,t3_insert_statement,ok,1,True,T3,True,1.0,0.2727,0.2727
R00106,3,MUTATION,T3,t3_insert_statement,ok,5,True,T3,True,1.0,1.0,1.0
R00106,4,UNTOUCHED,T1,none,ok,5,True,T1,True,0.6667,1.0,0.6667
R00106,5,UNTOUCHED,T1,none,ok,5,True,T1,True,1.0,0.2727,0.2727
R00106,6,UNTOUCHED,T1,none,ok,5,True,T1,True,0.5,0.6,0.375
R00107,0,CLONE_INTERVAL,T3,t3_insert_statement,ok,6,True,T3,True,1.0,0.1842,0.1842
R00107,1,MUTATION,T3,t3_insert_statement,ok,10,True,T3,True,1.0,1.0,1.0
R00107,2,CLONE_INTERVAL,T3,t3_wrap_statement,ok,6,True,T3,True,1.0,0.3143,0.3143
R00107,3,MUTATION,T3,t3_wrap_statement,ok,10,True,T3,True,1.0,1.0,1.0
R00107,4,UNTOUCHED,T1,none,ok,10,True,T1,True,0.7143,0.5,0.4167
R00107,5,UNTOUCHED,T1,none,ok,10,True,T1,True,0.75,0.5,0.4286
R00107,6,UNTOUCHED,T1,none,ok,10,True,T1,True,0.75,0.5455,0.4615
R00108,0,CLONE_INTERVAL,T2,t2_change_int_literal,ok,1,True,T2,True,1.0,0.25,0.25
R00108,1,MUTATION,T2,t2_change_int_literal,ok,3,True,T2,True,1.0,1.0,1.0
R00108,2,CLONE_INTERVAL,T1,t1_reindent,ok,1,True,T2,False,1.0,0.2917,0.2917
R00108,3,MUTATION,T1,t1_reindent,ok,3,True,T1,True,0.7143,0.3846,0.3333
R00108,4,UNTOUCHED,T1,none,ok,3,True,T1,True,0.6667,0.5,0.4
R00108,5,UNTOUCHED,T1,none,ok,3,True,T1,True,0.6667,0.1538,0.1429
R00108,6,UNTOUCHED,T1,none,ok,3,True,T1,True,0.5714,0.3077,0.25
R00109,0,CLONE_INTERVAL,T1,t1_add_eol_comment,ok,1,True,T1,True,1.0,0.2,0.2
R00109,1,MUTATION,T1,t1_add_eol_comment,ok,1,True,T1,True,1.0,0.0476,0.0476
R00109,2,CLONE_INTERVAL,T1,t1_add_block_comment,ok,1,True,T1,True,1.0,0.2069,0.2069
R00109,3,MUTATION,T1,t1_add_block_comment,ok,1,True,T1,True,1.0,0.0476,0.0476
R00109,4,UNTOUCHED,T1,none,ok,1,True,T1,True,0.5,0.0952,0.087
R00109,5,UNTOUCHED,T1,none,ok,1,True,T1,True,0.6667,0.0952,0.0909
R00109,6,UNTOUCHED,T1,none,ok,1,True,T1,True,0.6,0.1429,0.1304
R00110,0,CLONE_INTERVAL,T1,t1_add_block_comment,ok,1,True,T2,False,1.0,0.3077,0.3077
R00110,1,MUTATION,T1,t1_add_block_comment,ok,3,False,,False,0.0,0.0,0.0
R00110,2,CLONE_INTERVAL,T2,t2_rename_local,ok,1,True,T2,True,1.0,0.2593,0.2593
R00110,3,MUTATION,T2,t2_rename_local,ok,3,True,T2,True,1.0,1.0,1.0
R00110,4,UNTOUCHED,T1,none,ok,3,True,T1,True,0.75,0.1875,0.1765
R00110,5,UNTOUCHED,T1,none,ok,3,True,T1,True,1.0,0.1875,0.1875
R00110,6,UNTOUCHED,T1,none,ok,3,True,T1,True,0.6667,1.0,0.6667
R00111,0,CLONE_INTERVAL,T1,t1_add_eol_comment,ok,1,True,T2,False,1.0,0.1154,0.1154
R00111,1,MUTATION,T1,t1_add_eol_comment,ok,3,True,T1,True,1.0,0.0455,0.0455
R00111,2,CLONE_INTERVAL,T2,t2_change_string_literal,ok,1,True,T2,True,1.0,0.6538,0.6538
R00111,3,MUTATION,T2,t2_change_string_literal,ok,3,True,T2,True,1.0,1.0,1.0
R00111,4,UNTOUCHED,T1,none,ok,3,True,T1,True,0.5,0.0909,0.0833
R00111,5,UNTOUCHED,T1,none,ok,3,True,T1,True,1.0,0.1818,0.1818
R00111,6,UNTOUCHED,T1,none,ok,3,True,T1,True,0.5,0.2105,0.1739
R00112,0,CLONE_INTERVAL,T2,t2_change_string_literal,ok,1,True,T3,False,1.0,0.24,0.24
R00112,1,MUTATION,T2,t2_change_string_literal,ok,5,True,T2,True,1.0,1.0,1.0
R00112,2,CLONE_INTERVAL,T3,t3_wrap_statement,ok,1,True,T3,True,1.0,0.2609,0.2609
R00112,3,MUTATION,T3,t3_wrap_statement,ok,5,True,T3,True,1.0,1.0,1.0
R00112,4,UNTOUCHED,T1,none,ok,5,True,T1,True,0.5,1.0,0.5
R00112,5,UNTOUCHED,T1,none,ok,5,True,T1,True,0.6667,0.4,0.3333
R00112,6,UNTOUCHED,T1,none,ok,5,True,T1,True,0.5714,0.5,0.3636
R00113,0,CLONE_INTERVAL,T2,t2_change_string_literal,ok,1,True,T3,False,1.0,0.1667,0.1667
R00113,1,MUTATION,T2,t2_change_string_literal,ok,5,True,T2,True,1.0,1.0,1.0
R00113,2,CLONE_INTERVAL,T3,t3_insert_statement,ok,1,True,T3,True,1.0,0.3429,0.3429
R00113,3,MUTATION,T3,t3_insert_statement,ok,5,True,T3,True,1.0,1.0,1.0
R00113,4,UNTOUCHED,T1,none,ok,5,True,T1,True,0.6667,0.5,0.4
R00113,5,UNTOUCHED,T1,none,ok,5,True,T1,True,0.5,0.4286,0.3
R00113,6,UNTOUCHED,T1,none,ok,5,True,T1,True,0.5455,0.4,0.3
R00114,0,CLONE_INTERVAL,T1,t1_add_block_comment,ok,1,True,T3,False,1.0,0.24,0.24
R00114,1,MUTATION,T1,t1_add_block_comment,ok,3,False,,False,0.0,0.0,0.0
R00114,2,CLONE_INTERVAL,T3,t3_insert_statement,ok,1,True,T3,True,1.0,0.28,0.28
R00114,3,MUTATION,T3,t3_insert_statement,ok,3,True,T3,True,1.0,1.0,1.0
R00114,4,UNTOUCHED,T1,none,ok,3,True,T1,True,0.8,0.3333,0.3077
R00114,5,UNTOUCHED,T1,none,ok,3,True,T1,True,0.6667,0.1667,0.1538
R00114,6,UNTOUCHED,T1,none,ok,3,True,T1,True,0.5,0.4286,0.3
R00115,0,CLONE_INTERVAL,T3,t3_insert_statement,ok,1,True,T3,True,1.0,0.0909,0.0909
R00115,1,MUTATION,T3,t3_insert_statement,ok,3,True,T3,True,1.0,1.0,1.0
R00115,2,CLONE_INTERVAL,T1,t1_add_eol_comment,ok,1,True,T3,False,1.0,0.0606,0.0606
R00115,3,MUTATION,T1,t1_add_eol_comment,ok,3,True,T1,True,1.0,0.0152,0.0152
R00115,4,UNTOUCHED,T1,none,ok,3,True,T1,True,0.6667,0.2222,0.2
R00115,5,UNTOUCHED,T1,none,ok,3,True,T1,True,0.5714,0.0606,0.058
R00115,6,UNTOUCHED,T1,none,ok,3,True,T1,True,0.6,0.0455,0.0441
R00115,7,UNTOUCHED,T1,none,ok,3,True,T1,True,0.6667,0.1515,0.1408
R00116,0,CLONE_INTERVAL,T3,t3_insert_statement,ok,2,True,T3,True,1.0,0.2692,0.2692
R00116,1,MUTATION,T3,t3_insert_statement,ok,4,True,T3,True,1.0,1.0,1.0
R00116,2,CLONE_INTERVAL,T1,t1_add_block_comment,ok,2,False,,False,0.0,0.0,0.0
R00116,3,MUTATION,T1,t1_add_block_comment,ok,4,False,,False,0.0,0.0,0.0
R00116,4,UNTOUCHED,T1,none,ok,4,True,T1,True,0.8,0.5,0.4444
R00116,5,UNTOUCHED,T1,none,ok,4,True,T1,True,0.6667,0.1818,0.1667
R00116,6,UNTOUCHED,T1,none,ok,4,False,,False,0.0,0.0,0.0
R00116,7,UNTOUCHED,T1,none,ok,4,False,,False,0.0,0.0,0.0
R00117,0,CLONE_INTERVAL,T1,t1_reindent,ok,1,True,T3,False,1.0,0.1,0.1
R00117,1,MUTATION,T1,t1_reindent,ok,3,True,T1,True,0.8571,0.15,0.1463
R00117,2,CLONE_INTERVAL,T3,t3_wrap_statement,ok,1,True,T3,True,1.0,0.1029,0.1029
R00117,3,MUTATION,T3,t3_wrap_statement,ok,3,True,T3,True,1.0,1.0,1.0
R00117,4,UNTOUCHED,T1,none,ok,3,True,T1,True,0.3333,0.025,0.0238
R00117,5,UNTOUCHED,T1,none,ok,3,True,T1,True,0.5,0.1,0.0909
R00117,6,UNTOUCHED,T1,none,ok,3,True,T1,True,0.5,0.05,0.0476
R00117,7,UNTOUCHED,T1,none,ok,3,True,T1,True,0.6667,0.7692,0.5556
