pair_id,left_path,right_path,left_problem,right_problem,shared_tokens
N00000,/Users/liuziqi/Documents/西大Graduate/Project_base/Code/Meng_ProjectBased_DetectCodeSimilar/code-sim/results/region-corpus-v1/negatives/pairs/N00000/left/Main.java,/Users/liuziqi/Documents/西大Graduate/Project_base/Code/Meng_ProjectBased_DetectCodeSimilar/code-sim/results/region-corpus-v1/negatives/pairs/N00000/right/Main.java,p03059,p02595,15
N00001,/Users/liuziqi/Documents/西大Graduate/Project_base/Code/Meng_ProjectBased_DetectCodeSimilar/code-sim/results/region-corpus-v1/negatives/pairs/N00001/left/Main.java,/Users/liuziqi/Documents/西大Graduate/Project_base/Code/Meng_ProjectBased_DetectCodeSimilar/code-sim/results/region-corpus-v1/negatives/pairs/N00001/right/Main.java,p03059,p03136,15
N00002,/Users/liuziqi/Documents/西大Graduate/Project_base/Code/Meng_ProjectBased_DetectCodeSimilar/code-sim/results/region-corpus-v1/negatives/pairs/N00002/left/Main.java,/Users/liuziqi/Documents/西大Graduate/Project_base/Code/Meng_ProjectBased_DetectCodeSimilar/code-sim/results/region-corpus-v1/negatives/pairs/N00002/right/Main.java,p03293,p03076,15
N00003,/Users/liuziqi/Documents/西大Graduate/Project_base/Code/Meng_ProjectBased_DetectCodeSimilar/code-sim/results/region-corpus-v1/negatives/pairs/N00003/left/Main.java,/Users/liuziqi/Documents/西大Graduate/Project_base/Code/Meng_ProjectBased_DetectCodeSimilar/code-sim/results/region-corpus-v1/negatives/pairs/N00003/right/Main.java,p02411,p02396,15
N00004,/Users/liuziqi/Documents/西大Graduate/Project_base/Code/Meng_ProjectBased_DetectCodeSimilar/code-sim/results/region-corpus-v1/negatives/pairs/N00004/left/Main.java,/Users/liuziqi/Documents/西大Graduate/Project_base/Code/Meng_ProjectBased_DetectCodeSimilar/code-sim/results/region-corpus-v1/negatives/pairs/N00004/right/Main.java,p02910,p03076,16
N00005,/Users/liuziqi/Documents/西大Graduate/Project_base/Code/Meng_ProjectBased_DetectCodeSimilar/code-sim/results/region-corpus-v1/negatives/pairs/N00005/left/Main.java,/Users/liuziqi/Documents/西大Graduate/Project_base/Code/Meng_ProjectBased_DetectCodeSimilar/code-sim/results/region-corpus-v1/negatives/pairs/N00005/right/Main.java,p02971,p02772,12
N00006,/Users/liuziqi/Documents/西大Graduate/Project_base/Code/Meng_ProjectBased_DetectCodeSimilar/code-sim/results/region-corpus-v1/negatives/pairs/N00006/left/Main.java,/Users/liuziqi/Documents/西大Graduate/Project_base/Code/Meng_ProjectBased_DetectCodeSimilar/code-sim/results/region-corpus-v1/negatives/pairs/N00006/right/Main.java,p02693,p02396,23
N00007,/Users/liuziqi/Documents/西大Graduate/Project_base/Code/Meng_ProjectBased_DetectCodeSimilar/code-sim/results/region-corpus-v1/negatives/pairs/N00007/left/Main.java,/Users/liuziqi/Documents/西大Graduate/Project_base/Code/Meng_ProjectBased_DetectCodeSimilar/code-sim/results/region-corpus-v1/negatives/pairs/N00007/right/Main.java,p03316,p03001,23
N00008,/Users/liuziqi/Documents/西大Graduate/Project_base/Code/Meng_ProjectBased_DetectCodeSimilar/code-sim/results/region-corpus-v1/negatives/pairs/N00008/left/Main.java,/Users/liuziqi/Documents/西大Graduate/Project_base/Code/Meng_ProjectBased_DetectCodeSimilar/code-sim/results/region-corpus-v1/negatives/pairs/N00008/right/Main.java,p03545,p02582,16
N00009,/Users/liuziqi/Documents/西大Graduate/Project_base/Code/Meng_ProjectBased_DetectCodeSimilar/code-sim/results/region-corpus-v1/negatives/pairs/N00009/left/Main.java,/Users/liuziqi/Documents/西大Graduate/Project_base/Code/Meng_ProjectBased_DetectCodeSimilar/code-sim/results/region-corpus-v1/negatives/pairs/N00009/right/Main.java,p03042,p03060,14
N00010,/Users/liuziqi/Documents/西大Graduate/Project_base/Code/Meng_ProjectBased_DetectCodeSimilar/code-sim/results/region-corpus-v1/negatives/pairs/N00010/left/Main.java,/Users/liuziqi/Documents/西大Graduate/Project_base/Code/Meng_ProjectBased_DetectCodeSimilar/code-sim/results/region-corpus-v1/negatives/pairs/N00010/right/Main.java,p02417,p03325,9
N00011,/Users/liuziqi/Documents/西大Graduate/Project_base/Code/Meng_ProjectBased_DetectCodeSimilar/code-sim/results/region-corpus-v1/negatives/pairs/N00011/left/Main.java,/Users/liuziqi/Documents/西大Graduate/Project_base/Code/Meng_ProjectBased_DetectCodeSimilar/code-sim/results/region-corpus-v1/negatives/pairs/N00011/right/Main.java,p02712,p03449,17
N00012,/Users/liuziqi/Documents/西大Graduate/Project_base/Code/Meng_ProjectBased_DetectCodeSimilar/code-sim/results/region-corpus-v1/negatives/pairs/N00012/left/Main.java,/Users/liuziqi/Documents/西大Graduate/Project_base/Code/Meng_ProjectBased_DetectCodeSimilar/code-sim/results/region-corpus-v1/negatives/pairs/N00012/right/Main.java,p00011,p02860,26
N00013,/Users/liuziqi/Documents/西大Graduate/Project_base/Code/Meng_ProjectBased_DetectCodeSimilar/code-sim/results/region-corpus-v1/negatives/pairs/N00013/left/Main.java,/Users/liuziqi/Documents/西大Graduate/Project_base/Code/Meng_ProjectBased_DetectCodeSimilar/code-sim/results/region-corpus-v1/negatives/pairs/N00013/right/Main.java,p03289,p02677,22
N00014,/Users/liuziqi/Documents/西大Graduate/Project_base/Code/Meng_ProjectBased_DetectCodeSimilar/code-sim/results/region-corpus-v1/negatives/pairs/N00014/left/Main.java,/Users/liuziqi/Documents/西大Graduate/Project_base/Code/Meng_ProjectBased_DetectCodeSimilar/code-sim/results/region-corpus-v1/negatives/pairs/N00014/right/Main.java,p03060,p02682,21
N00015,/Users/liuziqi/Documents/西大Graduate/Project_base/Code/Meng_ProjectBased_DetectCodeSimilar/code-sim/results/region-corpus-v1/negatives/pairs/N00015/left/Main.java,/Users/liuziqi/Documents/西大Graduate/Project_base/Code/Meng_ProjectBased_DetectCodeSimilar/code-sim/results/region-corpus-v1/negatives/pairs/N00015/right/Main.java,p02802,p03076,15
N00016,/Users/liuziqi/Documents/西大Graduate/Project_base/Code/Meng_ProjectBased_DetectCodeSimilar/code-sim/results/region-corpus-v1/negatives/pairs/N00016/left/Main.java,/Users/liuziqi/Documents/西大Graduate/Project_base/Code/Meng_ProjectBased_DetectCodeSimilar/code-sim/results/region-corpus-v1/negatives/pairs/N00016/right/Main.java,p02405,p03041,13
N00017,/Users/liuziqi/Documents/西大Graduate/Project_base/Code/Meng_ProjectBased_DetectCodeSimilar/code-sim/results/region-corpus-v1/negatives/pairs/N00017/left/Main.java,/Users/liuziqi/Documents/西大Graduate/Project_base/Code/Meng_ProjectBased_DetectCodeSimilar/code-sim/results/region-corpus-v1/negatives/pairs/N00017/right/Main.java,p02779,p03324,12
N00018,/Users/liuziqi/Documents/西大Graduate/Project_base/Code/Meng_ProjectBased_DetectCodeSimilar/code-sim/results/region-corpus-v1/negatives/pairs/N00018/left/Main.java,/Users/liuziqi/Documents/西大Graduate/Project_base/Code/Meng_ProjectBased_DetectCodeSimilar/code-sim/results/region-corpus-v1/negatives/pairs/N00018/right/Main.java,p02420,p04012,12
N00019,/Users/liuziqi/Documents/西大Graduate/Project_base/Code/Meng_ProjectBased_DetectCodeSimilar/code-sim/results/region-corpus-v1/negatives/pairs/N00019/left/Main.java,/Users/liuziqi/Documents/西大Graduate/Project_base/Code/Meng_ProjectBased_DetectCodeSimilar/code-sim/results/region-corpus-v1/negatives/pairs/N00019/right/Main.java,p02421,p02832,17
N00020,/Users/liuziqi/Documents/西大Graduate/Project_base/Code/Meng_ProjectBased_DetectCodeSimilar/code-sim/results/region-corpus-v1/negatives/pairs/N00020/left/Main.java,/Users/liuziqi/Documents/西大Graduate/Project_base/Code/Meng_ProjectBased_DetectCodeSimilar/code-sim/results/region-corpus-v1/negatives/pairs/N00020/right/Main.java,p02399,p03378,13
N00021,/Users/liuziqi/Documents/西大Graduate/Project_base/Code/Meng_ProjectBased_DetectCodeSimilar/code-sim/results/region-corpus-v1/negatives/pairs/N00021/left/Main.java,/Users/liuziqi/Documents/西大Graduate/Project_base/Code/Meng_ProjectBased_DetectCodeSimilar/code-sim/results/region-corpus-v1/negatives/pairs/N00021/right/Main.java,p02731,p02951,23
N00022,/Users/liuziqi/Documents/西大Graduate/Project_base/Code/Meng_ProjectBased_DetectCodeSimilar/code-sim/results/region-corpus-v1/negatives/pairs/N00022/left/Main.java,/Users/liuziqi/Documents/西大Graduate/Project_base/Code/Meng_ProjectBased_DetectCodeSimilar/code-sim/results/region-corpus-v1/negatives/pairs/N00022/right/Main.java,p02688,p03012,16
N00023,/Users/liuziqi/Documents/西大Graduate/Project_base/Code/Meng_ProjectBased_DetectCodeSimilar/code-sim/results/region-corpus-v1/negatives/pairs/N00023/left/Main.java,/Users/liuziqi/Documents/西大Graduate/Project_base/Code/Meng_ProjectBased_DetectCodeSimilar/code-sim/results/region-corpus-v1/negatives/pairs/N00023/right/Main.java,p02772,p03449,22
N00024,/Users/liuziqi/Documents/西大Graduate/Project_base/Code/Meng_ProjectBased_DetectCodeSimilar/code-sim/results/region-corpus-v1/negatives/pairs/N00024/left/Main.java,/Users/liuziqi/Documents/西大Graduate/Project_base/Code/Meng_ProjectBased_DetectCodeSimilar/code-sim/results/region-corpus-v1/negatives/pairs/N00024/right/Main.java,p03835,p02658,13
N00025,/Users/liuziqi/Documents/西大Graduate/Project_base/Code/Meng_ProjectBased_DetectCodeSimilar/code-sim/results/region-corpus-v1/negatives/pairs/N00025/left/Main.java,/Users/liuziqi/Documents/西大Graduate/Project_base/Code/Meng_ProjectBased_DetectCodeSimilar/code-sim/results/region-corpus-v1/negatives/pairs/N00025/right/Main.java,p02421,p03998,10
N00026,/Users/liuziqi/Documents/西大Graduate/Project_base/Code/Meng_ProjectBased_DetectCodeSimilar/code-sim/results/region-corpus-v1/negatives/pairs/N00026/left/Main.java,/Users/liuziqi/Documents/西大Graduate/Project_base/Code/Meng_ProjectBased_DetectCodeSimilar/code-sim/results/region-corpus-v1/negatives/pairs/N00026/right/Main.java,p02971,p02393,23
N00027,/Users/liuziqi/Documents/西大Graduate/Project_base/Code/Meng_ProjectBased_DetectCodeSimilar/code-sim/results/region-corpus-v1/negatives/pairs/N00027/left/Main.java,/Users/liuziqi/Documents/西大Graduate/Project_base/Code/Meng_ProjectBased_DetectCodeSimilar/code-sim/results/region-corpus-v1/negatives/pairs/N00027/right/Main.java,p02777,p03449,10
N00028,/Users/liuziqi/Documents/西大Graduate/Project_base/Code/Meng_ProjectBased_DetectCodeSimilar/code-sim/results/region-corpus-v1/negatives/pairs/N00028/left/Main.java,/Users/liuziqi/Documents/西大Graduate/Project_base/Code/Meng_ProjectBased_DetectCodeSimilar/code-sim/results/region-corpus-v1/negatives/pairs/N00028/right/Main.java,p03106,p02880,15
N00029,/Users/liuziqi/Documents/西大Graduate/Project_base/Code/Meng_ProjectBased_DetectCodeSimilar/code-sim/results/region-corpus-v1/negatives/pairs/N00029/left/Main.java,/Users/liuziqi/Documents/西大Graduate/Project_base/Code/Meng_ProjectBased_DetectCodeSimilar/code-sim/results/region-corpus-v1/negatives/pairs/N00029/right/Main.java,p02829,p02263,19
N00030,/Users/liuziqi/Documents/西大Graduate/Project_base/Code/Meng_ProjectBased_DetectCodeSimilar/code-sim/results/region-corpus-v1/negatives/pairs/N00030/left/Main.java,/Users/liuziqi/Documents/西大Graduate/Project_base/Code/Meng_ProjectBased_DetectCodeSimilar/code-sim/results/region-corpus-v1/negatives/pairs/N00030/right/Main.java,p02389,p03013,23
N00031,/Users/liuziqi/Documents/西大Graduate/Project_base/Code/Meng_ProjectBased_DetectCodeSimilar/code-sim/results/region-corpus-v1/negatives/pairs/N00031/left/Main.java,/Users/liuziqi/Documents/西大Graduate/Project_base/Code/Meng_ProjectBased_DetectCodeSimilar/code-sim/results/region-corpus-v1/negatives/pairs/N00031/right/Main.java,p02898,p02802,11
N00032,/Users/liuziqi/Documents/西大Graduate/Project_base/Code/Meng_ProjectBased_DetectCodeSimilar/code-sim/results/region-corpus-v1/negatives/pairs/N00032/left/Main.java,/Users/liuziqi/Documents/西大Graduate/Project_base/Code/Meng_ProjectBased_DetectCodeSimilar/code-sim/results/region-corpus-v1/negatives/pairs/N00032/right/Main.java,p02413,p02407,15
N00033,/Users/liuziqi/Documents/西大Graduate/Project_base/Code/Meng_ProjectBased_DetectCodeSimilar/code-sim/results/region-corpus-v1/negatives/pairs/N00033/left/Main.java,/Users/liuziqi/Documents/西大Graduate/Project_base/Code/Meng_ProjectBased_DetectCodeSimilar/code-sim/results/region-corpus-v1/negatives/pairs/N00033/right/Main.java,p02676,p02582,17
N00034,/Users/liuziqi/Documents/西大Graduate/Project_base/Code/Meng_ProjectBased_DetectCodeSimilar/code-sim/results/region-corpus-v1/negatives/pairs/N00034/left/Main.java,/Users/liuziqi/Documents/西大Graduate/Project_base/Code/Meng_ProjectBased_DetectCodeSimilar/code-sim/results/region-corpus-v1/negatives/pairs/N00034/right/Main.java,p02731,p02676,16
N00035,/Users/liuziqi/Documents/西大Graduate/Project_base/Code/Meng_ProjectBased_DetectCodeSimilar/code-sim/results/region-corpus-v1/negatives/pairs/N00035/left/Main.java,/Users/liuziqi/Documents/西大Graduate/Project_base/Code/Meng_ProjectBased_DetectCodeSimilar/code-sim/results/region-corpus-v1/negatives/pairs/N00035/right/Main.java,p02791,p02717,15
N00036,/Users/liuziqi/Documents/西大Graduate/Project_base/Code/Meng_ProjectBased_DetectCodeSimilar/code-sim/results/region-corpus-v1/negatives/pairs/N00036/left/Main.java,/Users/liuziqi/Documents/西大Graduate/Project_base/Code/Meng_ProjectBased_DetectCodeSimilar/code-sim/results/region-corpus-v1/negatives/pairs/N00036/right/Main.java,p02729,p03448,22
N00037,/Users/liuziqi/Documents/西大Graduate/Project_base/Code/Meng_ProjectBased_DetectCodeSimilar/code-sim/results/region-corpus-v1/negatives/pairs/N00037/left/Main.java,/Users/liuziqi/Documents/西大Graduate/Project_base/Code/Meng_ProjectBased_DetectCodeSimilar/code-sim/results/region-corpus-v1/negatives/pairs/N00037/right/Main.java,p02819,p02658,26
N00038,/Users/liuziqi/Documents/西大Graduate/Project_base/Code/Meng_ProjectBased_DetectCodeSimilar/code-sim/results/region-corpus-v1/negatives/pairs/N00038/left/Main.java,/Users/liuziqi/Documents/西大Graduate/Project_base/Code/Meng_ProjectBased_DetectCodeSimilar/code-sim/results/region-corpus-v1/negatives/pairs/N00038/right/Main.java,p03106,p02910,17
N00039,/Users/liuziqi/Documents/西大Graduate/Project_base/Code/Meng_ProjectBased_DetectCodeSimilar/code-sim/results/region-corpus-v1/negatives/pairs/N00039/left/Main.java,/Users/liuziqi/Documents/西大Graduate/Project_base/Code/Meng_ProjectBased_DetectCodeSimilar/code-sim/results/region-corpus-v1/negatives/pairs/N00039/right/Main.java,p03695,p02957,10
N00040,/Users/liuziqi/Documents/西大Graduate/Project_base/Code/Meng_ProjectBased_DetectCodeSimilar/code-sim/results/region-corpus-v1/negatives/pairs/N00040/left/Main.java,/Users/liuziqi/Documents/西大Graduate/Project_base/Code/Meng_ProjectBased_DetectCodeSimilar/code-sim/results/region-corpus-v1/negatives/pairs/N00040/right/Main.java,p02404,p04043,23
N00041,/Users/liuziqi/Documents/西大Graduate/Project_base/Code/Meng_ProjectBased_DetectCodeSimilar/code-sim/results/region-corpus-v1/negatives/pairs/N00041/left/Main.java,/Users/liuziqi/Documents/西大Graduate/Project_base/Code/Meng_ProjectBased_DetectCodeSimilar/code-sim/results/region-corpus-v1/negatives/pairs/N00041/right/Main.java,p02408,p02779,14
N00042,/Users/liuziqi/Documents/西大Graduate/Project_base/Code/Meng_ProjectBased_DetectCodeSimilar/code-sim/results/region-corpus-v1/negatives/pairs/N00042/left/Main.java,/Users/liuziqi/Documents/西大Graduate/Project_base/Code/Meng_ProjectBased_DetectCodeSimilar/code-sim/results/region-corpus-v1/negatives/pairs/N00042/right/Main.java,p02577,p02595,16
N00043,/Users/liuziqi/Documents/西大Graduate/Project_base/Code/Meng_ProjectBased_DetectCodeSimilar/code-sim/results/region-corpus-v1/negatives/pairs/N00043/left/Main.java,/Users/liuziqi/Documents/西大Graduate/Project_base/Code/Meng_ProjectBased_DetectCodeSimilar/code-sim/results/region-corpus-v1/negatives/pairs/N00043/right/Main.java,p02987,p02256,21
N00044,/Users/liuziqi/Documents/西大Graduate/Project_base/Code/Meng_ProjectBased_DetectCodeSimilar/code-sim/results/region-corpus-v1/negatives/pairs/N00044/left/Main.java,/Users/liuziqi/Documents/西大Graduate/Project_base/Code/Meng_ProjectBased_DetectCodeSimilar/code-sim/results/region-corpus-v1/negatives/pairs/N00044/right/Main.java,p03136,p03035,28
N00045,/Users/liuziqi/Documents/西大Graduate/Project_base/Code/Meng_ProjectBased_DetectCodeSimilar/code-sim/results/region-corpus-v1/negatives/pairs/N00045/left/Main.java,/Users/liuziqi/Documents/西大Graduate/Project_base/Code/Meng_ProjectBased_DetectCodeSimilar/code-sim/results/region-corpus-v1/negatives/pairs/N00045/right/Main.java,p02773,p02951,28
N00046,/Users/liuziqi/Documents/西大Graduate/Project_base/Code/Meng_ProjectBased_DetectCodeSimilar/code-sim/results/region-corpus-v1/negatives/pairs/N00046/left/Main.java,/Users/liuziqi/Documents/西大Graduate/Project_base/Code/Meng_ProjectBased_DetectCodeSimilar/code-sim/results/region-corpus-v1/negatives/pairs/N00046/right/Main.java,p03087,p03035,15
N00047,/Users/liuziqi/Documents/西大Graduate/Project_base/Code/Meng_ProjectBased_DetectCodeSimilar/code-sim/results/region-corpus-v1/negatives/pairs/N00047/left/Main.java,/Users/liuziqi/Documents/西大Graduate/Project_base/Code/Meng_ProjectBased_DetectCodeSimilar/code-sim/results/region-corpus-v1/negatives/pairs/N00047/right/Main.java,p02640,p03720,28
N00048,/Users/liuziqi/Documents/西大Graduate/Project_base/Code/Meng_ProjectBased_DetectCodeSimilar/code-sim/results/region-corpus-v1/negatives/pairs/N00048/left/Main.java,/Users/liuziqi/Documents/西大Graduate/Project_base/Code/Meng_ProjectBased_DetectCodeSimilar/code-sim/results/region-corpus-v1/negatives/pairs/N00048/right/Main.java,p03378,p03072,28
N00049,/Users/liuziqi/Documents/西大Graduate/Project_base/Code/Meng_ProjectBased_DetectCodeSimilar/code-sim/results/region-corpus-v1/negatives/pairs/N00049/left/Main.java,/Users/liuziqi/Documents/西大Graduate/Project_base/Code/Meng_ProjectBased_DetectCodeSimilar/code-sim/results/region-corpus-v1/negatives/pairs/N00049/right/Main.java,p03072,p02706,13
N00050,/Users/liuziqi/Documents/西大Graduate/Project_base/Code/Meng_ProjectBased_DetectCodeSimilar/code-sim/results/region-corpus-v1/negatives/pairs/N00050/left/Main.java,/Users/liuziqi/Documents/西大Graduate/Project_base/Code/Meng_ProjectBased_DetectCodeSimilar/code-sim/results/region-corpus-v1/negatives/pairs/N00050/right/Main.java,p03043,p02759,11
N00051,/Users/liuziqi/Documents/西大Graduate/Project_base/Code/Meng_ProjectBased_DetectCodeSimilar/code-sim/results/region-corpus-v1/negatives/pairs/N00051/left/Main.java,/Users/liuziqi/Documents/西大Graduate/Project_base/Code/Meng_ProjectBased_DetectCodeSimilar/code-sim/results/region-corpus-v1/negatives/pairs/N00051/right/Main.java,p03720,p02401,9
N00052,/Users/liuziqi/Documents/西大Graduate/Project_base/Code/Meng_ProjectBased_DetectCodeSimilar/code-sim/results/region-corpus-v1/negatives/pairs/N00052/left/Main.java,/Users/liuziqi/Documents/西大Graduate/Project_base/Code/Meng_ProjectBased_DetectCodeSimilar/code-sim/results/region-corpus-v1/negatives/pairs/N00052/right/Main.java,p02627,p02952,17
N00053,/Users/liuziqi/Documents/西大Graduate/Project_base/Code/Meng_ProjectBased_DetectCodeSimilar/code-sim/results/region-corpus-v1/negatives/pairs/N00053/left/Main.java,/Users/liuziqi/Documents/西大Graduate/Project_base/Code/Meng_ProjectBased_DetectCodeSimilar/code-sim/results/region-corpus-v1/negatives/pairs/N00053/right/Main.java,p02725,p02922,17
N00054,/Users/liuziqi/Documents/西大Graduate/Project_base/Code/Meng_ProjectBased_DetectCodeSimilar/code-sim/results/region-corpus-v1/negatives/pairs/N00054/left/Main.java,/Users/liuziqi/Documents/西大Graduate/Project_base/Code/Meng_ProjectBased_DetectCodeSimilar/code-sim/results/region-corpus-v1/negatives/pairs/N00054/right/Main.java,p02397,p02723,13
N00055,/Users/liuziqi/Documents/西大Graduate/Project_base/Code/Meng_ProjectBased_DetectCodeSimilar/code-sim/results/region-corpus-v1/negatives/pairs/N00055/left/Main.java,/Users/liuziqi/Documents/西大Graduate/Project_base/Code/Meng_ProjectBased_DetectCodeSimilar/code-sim/results/region-corpus-v1/negatives/pairs/N00055/right/Main.java,p03042,p03316,23
N00056,/Users/liuziqi/Documents/西大Graduate/Project_base/Code/Meng_ProjectBased_DetectCodeSimilar/code-sim/results/region-corpus-v1/negatives/pairs/N00056/left/Main.java,/Users/liuziqi/Documents/西大Graduate/Project_base/Code/Meng_ProjectBased_DetectCodeSimilar/code-sim/results/region-corpus-v1/negatives/pairs/N00056/right/Main.java,p03076,p03059,12
N00057,/Users/liuziqi/Documents/西大Graduate/Project_base/Code/Meng_ProjectBased_DetectCodeSimilar/code-sim/results/region-corpus-v1/negatives/pairs/N00057/left/Main.java,/Users/liuziqi/Documents/西大Graduate/Project_base/Code/Meng_ProjectBased_DetectCodeSimilar/code-sim/results/region-corpus-v1/negatives/pairs/N00057/right/Main.java,p02577,p02628,17
N00058,/Users/liuziqi/Documents/西大Graduate/Project_base/Code/Meng_ProjectBased_DetectCodeSimilar/code-sim/results/region-corpus-v1/negatives/pairs/N00058/left/Main.java,/Users/liuziqi/Documents/西大Graduate/Project_base/Code/Meng_ProjectBased_DetectCodeSimilar/code-sim/results/region-corpus-v1/negatives/pairs/N00058/right/Main.java,p02408,p02951,16
N00059,/Users/liuziqi/Documents/西大Graduate/Project_base/Code/Meng_ProjectBased_DetectCodeSimilar/code-sim/results/region-corpus-v1/negatives/pairs/N00059/left/Main.java,/Users/liuziqi/Documents/西大Graduate/Project_base/Code/Meng_ProjectBased_DetectCodeSimilar/code-sim/results/region-corpus-v1/negatives/pairs/N00059/right/Main.java,p02416,p00007,10
N00060,/Users/liuziqi/Documents/西大Graduate/Project_base/Code/Meng_ProjectBased_DetectCodeSimilar/code-sim/results/region-corpus-v1/negatives/pairs/N00060/left/Main.java,/Users/liuziqi/Documents/西大Graduate/Project_base/Code/Meng_ProjectBased_DetectCodeSimilar/code-sim/results/region-corpus-v1/negatives/pairs/N00060/right/Main.java,p02917,p03161,10
N00061,/Users/liuziqi/Documents/西大Graduate/Project_base/Code/Meng_ProjectBased_DetectCodeSimilar/code-sim/results/region-corpus-v1/negatives/pairs/N00061/left/Main.java,/Users/liuziqi/Documents/西大Graduate/Project_base/Code/Meng_ProjectBased_DetectCodeSimilar/code-sim/results/region-corpus-v1/negatives/pairs/N00061/right/Main.java,p02771,p02995,11
N00062,/Users/liuziqi/Documents/西大Graduate/Project_base/Code/Meng_ProjectBased_DetectCodeSimilar/code-sim/results/region-corpus-v1/negatives/pairs/N00062/left/Main.java,/Users/liuziqi/Documents/西大Graduate/Project_base/Code/Meng_ProjectBased_DetectCodeSimilar/code-sim/results/region-corpus-v1/negatives/pairs/N00062/right/Main.java,p02418,p03720,10
N00063,/Users/liuziqi/Documents/西大Graduate/Project_base/Code/Meng_ProjectBased_DetectCodeSimilar/code-sim/results/region-corpus-v1/negatives/pairs/N00063/left/Main.java,/Users/liuziqi/Documents/西大Graduate/Project_base/Code/Meng_ProjectBased_DetectCodeSimilar/code-sim/results/region-corpus-v1/negatives/pairs/N00063/right/Main.java,p04043,p02659,15
N00064,/Users/liuziqi/Documents/西大Graduate/Project_base/Code/Meng_ProjectBased_DetectCodeSimilar/code-sim/results/region-corpus-v1/negatives/pairs/N00064/left/Main.java,/Users/liuziqi/Documents/西大Graduate/Project_base/Code/Meng_ProjectBased_DetectCodeSimilar/code-sim/results/region-corpus-v1/negatives/pairs/N00064/right/Main.java,p02405,p03060,15
N00065,/Users/liuziqi/Documents/西大Graduate/Project_base/Code/Meng_ProjectBased_DetectCodeSimilar/code-sim/results/region-corpus-v1/negatives/pairs/N00065/left/Main.java,/Users/liuziqi/Documents/西大Graduate/Project_base/Code/Meng_ProjectBased_DetectCodeSimilar/code-sim/results/region-corpus-v1/negatives/pairs/N00065/right/Main.java,p03220,p02390,21
N00066,/Users/liuziqi/Documents/西大Graduate/Project_base/Code/Meng_ProjectBased_DetectCodeSimilar/code-sim/results/region-corpus-v1/negatives/pairs/N00066/left/Main.java,/Users/liuziqi/Documents/西大Graduate/Project_base/Code/Meng_ProjectBased_DetectCodeSimilar/code-sim/results/region-corpus-v1/negatives/pairs/N00066/right/Main.java,p02390,p02719,11
N00067,/Users/liuziqi/Documents/西大Graduate/Project_base/Code/Meng_ProjectBased_DetectCodeSimilar/code-sim/results/region-corpus-v1/negatives/pairs/N00067/left/Main.java,/Users/liuziqi/Documents/西大Graduate/Project_base/Code/Meng_ProjectBased_DetectCodeSimilar/code-sim/results/region-corpus-v1/negatives/pairs/N00067/right/Main.java,p03470,p02767,16
N00068,/Users/liuziqi/Documents/西大Graduate/Project_base/Code/Meng_ProjectBased_DetectCodeSimilar/code-sim/results/region-corpus-v1/negatives/pairs/N00068/left/Main.java,/Users/liuziqi/Documents/西大Graduate/Project_base/Code/Meng_ProjectBased_DetectCodeSimilar/code-sim/results/region-corpus-v1/negatives/pairs/N00068/right/Main.java,p03814,p02700,23
N00069,/Users/liuziqi/Documents/西大Graduate/Project_base/Code/Meng_ProjectBased_DetectCodeSimilar/code-sim/results/region-corpus-v1/negatives/pairs/N00069/left/Main.java,/Users/liuziqi/Documents/西大Graduate/Project_base/Code/Meng_ProjectBased_DetectCodeSimilar/code-sim/results/region-corpus-v1/negatives/pairs/N00069/right/Main.java,p02658,p02829,16
N00070,/Users/liuziqi/Documents/西大Graduate/Project_base/Code/Meng_ProjectBased_DetectCodeSimilar/code-sim/results/region-corpus-v1/negatives/pairs/N00070/left/Main.java,/Users/liuziqi/Documents/西大Graduate/Project_base/Code/Meng_ProjectBased_DetectCodeSimilar/code-sim/results/region-corpus-v1/negatives/pairs/N00070/right/Main.java,p02706,p04044,11
N00071,/Users/liuziqi/Documents/西大Graduate/Project_base/Code/Meng_ProjectBased_DetectCodeSimilar/code-sim/results/region-corpus-v1/negatives/pairs/N00071/left/Main.java,/Users/liuziqi/Documents/西大Graduate/Project_base/Code/Meng_ProjectBased_DetectCodeSimilar/code-sim/results/region-corpus-v1/negatives/pairs/N00071/right/Main.java,p02987,p03161,12
N00072,/Users/liuziqi/Documents/西大Graduate/Project_base/Code/Meng_ProjectBased_DetectCodeSimilar/code-sim/results/region-corpus-v1/negatives/pairs/N00072/left/Main.java,/Users/liuziqi/Documents/西大Graduate/Project_base/Code/Meng_ProjectBased_DetectCodeSimilar/code-sim/results/region-corpus-v1/negatives/pairs/N00072/right/Main.java,p02923,p02415,17
N00073,/Users/liuziqi/Documents/西大Graduate/Project_base/Code/Meng_ProjectBased_DetectCodeSimilar/code-sim/results/region-corpus-v1/negatives/pairs/N00073/left/Main.java,/Users/liuziqi/Documents/西大Graduate/Project_base/Code/Meng_ProjectBased_DetectCodeSimilar/code-sim/results/region-corpus-v1/negatives/pairs/N00073/right/Main.java,p03494,p02405,17
N00074,/Users/liuziqi/Documents/西大Graduate/Project_base/Code/Meng_ProjectBased_DetectCodeSimilar/code-sim/results/region-corpus-v1/negatives/pairs/N00074/left/Main.java,/Users/liuziqi/Documents/西大Graduate/Project_base/Code/Meng_ProjectBased_DetectCodeSimilar/code-sim/results/region-corpus-v1/negatives/pairs/N00074/right/Main.java,p00011,p02577,12
N00075,/Users/liuziqi/Documents/西大Graduate/Project_base/Code/Meng_ProjectBased_DetectCodeSimilar/code-sim/results/region-corpus-v1/negatives/pairs/N00075/left/Main.java,/Users/liuziqi/Documents/西大Graduate/Project_base/Code/Meng_ProjectBased_DetectCodeSimilar/code-sim/results/region-corpus-v1/negatives/pairs/N00075/right/Main.java,p02718,p02421,13
N00076,/Users/liuziqi/Documents/西大Graduate/Project_base/Code/Meng_ProjectBased_DetectCodeSimilar/code-sim/results/region-corpus-v1/negatives/pairs/N00076/left/Main.java,/Users/liuziqi/Documents/西大Graduate/Project_base/Code/Meng_ProjectBased_DetectCodeSimilar/code-sim/results/region-corpus-v1/negatives/pairs/N00076/right/Main.java,p02831,p03720,10
N00077,/Users/liuziqi/Documents/西大Graduate/Project_base/Code/Meng_ProjectBased_DetectCodeSimilar/code-sim/results/region-corpus-v1/negatives/pairs/N00077/left/Main.java,/Users/liuziqi/Documents/西大Graduate/Project_base/Code/Meng_ProjectBased_DetectCodeSimilar/code-sim/results/region-corpus-v1/negatives/pairs/N00077/right/Main.java,p02778,p02958,11
N00078,/Users/liuziqi/Documents/西大Graduate/Project_base/Code/Meng_ProjectBased_DetectCodeSimilar/code-sim/results/region-corpus-v1/negatives/pairs/N00078/left/Main.java,/Users/liuziqi/Documents/西大Graduate/Project_base/Code/Meng_ProjectBased_DetectCodeSimilar/code-sim/results/region-corpus-v1/negatives/pairs/N00078/right/Main.java,p02989,p02719,17
N00079,/Users/liuziqi/Documents/西大Graduate/Project_base/Code/Meng_ProjectBased_DetectCodeSimilar/code-sim/results/region-corpus-v1/negatives/pairs/N00079/left/Main.java,/Users/liuziqi/Documents/西大Graduate/Project_base/Code/Meng_ProjectBased_DetectCodeSimilar/code-sim/results/region-corpus-v1/negatives/pairs/N00079/right/Main.java,p03243,p02701,7
N00080,/Users/liuziqi/Documents/西大Graduate/Project_base/Code/Meng_ProjectBased_DetectCodeSimilar/code-sim/results/region-corpus-v1/negatives/pairs/N00080/left/Main.java,/Users/liuziqi/Documents/西大Graduate/Project_base/Code/Meng_ProjectBased_DetectCodeSimilar/code-sim/results/region-corpus-v1/negatives/pairs/N00080/right/Main.java,p02801,p02779,13
N00081,/Users/liuziqi/Documents/西大Graduate/Project_base/Code/Meng_ProjectBased_DetectCodeSimilar/code-sim/results/region-corpus-v1/negatives/pairs/N00081/left/Main.java,/Users/liuziqi/Documents/西大Graduate/Project_base/Code/Meng_ProjectBased_DetectCodeSimilar/code-sim/results/region-corpus-v1/negatives/pairs/N00081/right/Main.java,p03011,p03352,23
N00082,/Users/liuziqi/Documents/西大Graduate/Project_base/Code/Meng_ProjectBased_DetectCodeSimilar/code-sim/results/region-corpus-v1/negatives/pairs/N00082/left/Main.java,/Users/liuziqi/Documents/西大Graduate/Project_base/Code/Meng_ProjectBased_DetectCodeSimilar/code-sim/results/region-corpus-v1/negatives/pairs/N00082/right/Main.java,p02701,p02971,11
N00083,/Users/liuziqi/Documents/西大Graduate/Project_base/Code/Meng_ProjectBased_DetectCodeSimilar/code-sim/results/region-corpus-v1/negatives/pairs/N00083/left/Main.java,/Users/liuziqi/Documents/西大Graduate/Project_base/Code/Meng_ProjectBased_DetectCodeSimilar/code-sim/results/region-corpus-v1/negatives/pairs/N00083/right/Main.java,p03695,p02755,10
N00084,/Users/liuziqi/Documents/西大Graduate/Project_base/Code/Meng_ProjectBased_DetectCodeSimilar/code-sim/results/region-corpus-v1/negatives/pairs/N00084/left/Main.java,/Users/liuziqi/Documents/西大Graduate/Project_base/Code/Meng_ProjectBased_DetectCodeSimilar/code-sim/results/region-corpus-v1/negatives/pairs/N00084/right/Main.java,p02595,p02412,9
N00085,/Users/liuziqi/Documents/西大Graduate/Project_base/Code/Meng_ProjectBased_DetectCodeSimilar/code-sim/results/region-corpus-v1/negatives/pairs/N00085/left/Main.java,/Users/liuziqi/Documents/西大Graduate/Project_base/Code/Meng_ProjectBased_DetectCodeSimilar/code-sim/results/region-corpus-v1/negatives/pairs/N00085/right/Main.java,p03041,p02801,15
N00086,/Users/liuziqi/Documents/西大Graduate/Project_base/Code/Meng_ProjectBased_DetectCodeSimilar/code-sim/results/region-corpus-v1/negatives/pairs/N00086/left/Main.java,/Users/liuziqi/Documents/西大Graduate/Project_base/Code/Meng_ProjectBased_DetectCodeSimilar/code-sim/results/region-corpus-v1/negatives/pairs/N00086/right/Main.java,p02411,p02922,15
N00087,/Users/liuziqi/Documents/西大Graduate/Project_base/Code/Meng_ProjectBased_DetectCodeSimilar/code-sim/results/region-corpus-v1/negatives/pairs/N00087/left/Main.java,/Users/liuziqi/Documents/西大Graduate/Project_base/Code/Meng_ProjectBased_DetectCodeSimilar/code-sim/results/region-corpus-v1/negatives/pairs/N00087/right/Main.java,p02879,p03136,16
N00088,/Users/liuziqi/Documents/西大Graduate/Project_base/Code/Meng_ProjectBased_DetectCodeSimilar/code-sim/results/region-corpus-v1/negatives/pairs/N00088/left/Main.java,/Users/liuziqi/Documents/西大Graduate/Project_base/Code/Meng_ProjectBased_DetectCodeSimilar/code-sim/results/region-corpus-v1/negatives/pairs/N00088/right/Main.java,p03854,p03478,17
N00089,/Users/liuziqi/Documents/西大Graduate/Project_base/Code/Meng_ProjectBased_DetectCodeSimilar/code-sim/results/region-corpus-v1/negatives/pairs/N00089/left/Main.java,/Users/liuziqi/Documents/西大Graduate/Project_base/Code/Meng_ProjectBased_DetectCodeSimilar/code-sim/results/region-corpus-v1/negatives/pairs/N00089/right/Main.java,p02835,p03126,23
N00090,/Users/liuziqi/Documents/西大Graduate/Project_base/Code/Meng_ProjectBased_DetectCodeSimilar/code-sim/results/region-corpus-v1/negatives/pairs/N00090/left/Main.java,/Users/liuziqi/Documents/西大Graduate/Project_base/Code/Meng_ProjectBased_DetectCodeSimilar/code-sim/results/region-corpus-v1/negatives/pairs/N00090/right/Main.java,p03243,p03242,23
N00091,/Users/liuziqi/Documents/西大Graduate/Project_base/Code/Meng_ProjectBased_DetectCodeSimilar/code-sim/results/region-corpus-v1/negatives/pairs/N00091/left/Main.java,/Users/liuziqi/Documents/西大Graduate/Project_base/Code/Meng_ProjectBased_DetectCodeSimilar/code-sim/results/region-corpus-v1/negatives/pairs/N00091/right/Main.java,p03107,p03720,11
N00092,/Users/liuziqi/Documents/西大Graduate/Project_base/Code/Meng_ProjectBased_DetectCodeSimilar/code-sim/results/region-corpus-v1/negatives/pairs/N00092/left/Main.java,/Users/liuziqi/Documents/西大Graduate/Project_base/Code/Meng_ProjectBased_DetectCodeSimilar/code-sim/results/region-corpus-v1/negatives/pairs/N00092/right/Main.java,p02719,p03545,21
N00093,/Users/liuziqi/Documents/西大Graduate/Project_base/Code/Meng_ProjectBased_DetectCodeSimilar/code-sim/results/region-corpus-v1/negatives/pairs/N00093/left/Main.java,/Users/liuziqi/Documents/西大Graduate/Project_base/Code/Meng_ProjectBased_DetectCodeSimilar/code-sim/results/region-corpus-v1/negatives/pairs/N00093/right/Main.java,p02595,p02772,23
N00094,/Users/liuziqi/Documents/西大Graduate/Project_base/Code/Meng_ProjectBased_DetectCodeSimilar/code-sim/results/region-corpus-v1/negatives/pairs/N00094/left/Main.java,/Users/liuziqi/Documents/西大Graduate/Project_base/Code/Meng_ProjectBased_DetectCodeSimilar/code-sim/results/region-corpus-v1/negatives/pairs/N00094/right/Main.java,p03043,p02576,7
N00095,/Users/liuziqi/Documents/西大Graduate/Project_base/Code/Meng_ProjectBased_DetectCodeSimilar/code-sim/results/region-corpus-v1/negatives/pairs/N00095/left/Main.java,/Users/liuziqi/Documents/西大Graduate/Project_base/Code/Meng_ProjectBased_DetectCodeSimilar/code-sim/results/region-corpus-v1/negatives/pairs/N00095/right/Main.java,p02392,p02993,15
N00096,/Users/liuziqi/Documents/西大Graduate/Project_base/Code/Meng_ProjectBased_DetectCodeSimilar/code-sim/results/region-corpus-v1/negatives/pairs/N00096/left/Main.java,/Users/liuziqi/Documents/西大Graduate/Project_base/Code/Meng_ProjectBased_DetectCodeSimilar/code-sim/results/region-corpus-v1/negatives/pairs/N00096/right/Main.java,p03293,p03261,27
N00097,/Users/liuziqi/Documents/西大Graduate/Project_base/Code/Meng_ProjectBased_DetectCodeSimilar/code-sim/results/region-corpus-v1/negatives/pairs/N00097/left/Main.java,/Users/liuziqi/Documents/西大Graduate/Project_base/Code/Meng_ProjectBased_DetectCodeSimilar/code-sim/results/region-corpus-v1/negatives/pairs/N00097/right/Main.java,p03107,p02396,17
N00098,/Users/liuziqi/Documents/西大Graduate/Project_base/Code/Meng_ProjectBased_DetectCodeSimilar/code-sim/results/region-corpus-v1/negatives/pairs/N00098/left/Main.java,/Users/liuziqi/Documents/西大Graduate/Project_base/Code/Meng_ProjectBased_DetectCodeSimilar/code-sim/results/region-corpus-v1/negatives/pairs/N00098/right/Main.java,p02419,p03470,11
N00099,/Users/liuziqi/Documents/西大Graduate/Project_base/Code/Meng_ProjectBased_DetectCodeSimilar/code-sim/results/region-corpus-v1/negatives/pairs/N00099/left/Main.java,/Users/liuziqi/Documents/西大Graduate/Project_base/Code/Meng_ProjectBased_DetectCodeSimilar/code-sim/results/region-corpus-v1/negatives/pairs/N00099/right/Main.java,p02612,p00006,15
