pair_id,seed_file,seed_problem,left_path,right_path
R00000,s812907475.java,p03435,/Users/liuziqi/Documents/西大Graduate/Project_base/Code/Meng_ProjectBased_DetectCodeSimilar/code-sim/results/formal-v1/tworange2/pairs/R00000/left/Main.java,/Users/liuziqi/Documents/西大Graduate/Project_base/Code/Meng_ProjectBased_DetectCodeSimilar/code-sim/results/formal-v1/tworange2/pairs/R00000/right/Main.java
R00001,s519401109.java,p02831,/Users/liuziqi/Documents/西大Graduate/Project_base/Code/Meng_ProjectBased_DetectCodeSimilar/code-sim/results/formal-v1/tworange2/pairs/R00001/left/Main.java,/Users/liuziqi/Documents/西大Graduate/Project_base/Code/Meng_ProjectBased_DetectCodeSimilar/code-sim/results/formal-v1/tworange2/pairs/R00001/right/Main.java
R00002,s209189522.java,p02730,/Users/liuziqi/Documents/西大Graduate/Project_base/Code/Meng_ProjectBased_DetectCodeSimilar/code-sim/results/formal-v1/tworange2/pairs/R00002/left/Main.java,/Users/liuziqi/Documents/西大Graduate/Project_base/Code/Meng_ProjectBased_DetectCodeSimilar/code-sim/results/formal-v1/tworange2/pairs/R00002/right/Main.java
R00003,s276131604.java,p02935,/Users/liuziqi/Documents/西大Graduate/Project_base/Code/Meng_ProjectBased_DetectCodeSimilar/code-sim/results/formal-v1/tworange2/pairs/R00003/left/Main.java,/Users/liuziqi/Documents/西大Graduate/Project_base/Code/Meng_ProjectBased_DetectCodeSimilar/code-sim/results/formal-v1/tworange2/pairs/R00003/right/Main.java
R00004,s003320125.java,p03292,/Users/liuziqi/Documents/西大Graduate/Project_base/Code/Meng_ProjectBased_DetectCodeSimilar/code-sim/results/formal-v1/tworange2/pairs/R00004/left/Main.java,/Users/liuziqi/Documents/西大Graduate/Project_base/Code/Meng_ProjectBased_DetectCodeSimilar/code-sim/results/formal-v1/tworange2/pairs/R00004/right/Main.java
R00005,s087867492.java,p03012,/Users/liuziqi/Documents/西大Graduate/Project_base/Code/Meng_ProjectBased_DetectCodeSimilar/code-sim/results/formal-v1/tworange2/pairs/R00005/left/Main.java,/Users/liuziqi/Documents/西大Graduate/Project_base/Code/Meng_ProjectBased_DetectCodeSimilar/code-sim/results/formal-v1/tworange2/pairs/R00005/right/Main.java
R00006,s344611945.java,p02393,/Users/liuziqi/Documents/西大Graduate/Project_base/Code/Meng_ProjectBased_DetectCodeSimilar/code-sim/results/formal-v1/tworange2/pairs/R00006/left/Main.java,/Users/liuziqi/Documents/西大Graduate/Project_base/Code/Meng_ProjectBased_DetectCodeSimilar/code-sim/results/formal-v1/tworange2/pairs/R00006/right/Main.java
R00007,s230671883.java,p02595,/Users/liuziqi/Documents/西大Graduate/Project_base/Code/Meng_ProjectBased_DetectCodeSimilar/code-sim/results/formal-v1/tworange2/pairs/R00007/left/Main.java,/Users/liuziqi/Documents/西大Graduate/Project_base/Code/Meng_ProjectBased_DetectCodeSimilar/code-sim/results/formal-v1/tworange2/pairs/R00007/right/Main.java
R00008,s773721208.java,p02898,/Users/liuziqi/Documents/西大Graduate/Project_base/Code/Meng_ProjectBased_DetectCodeSimilar/code-sim/results/formal-v1/tworange2/pairs/R00008/left/Main.java,/Users/liuziqi/Documents/西大Graduate/Project_base/Code/Meng_ProjectBased_DetectCodeSimilar/code-sim/results/formal-v1/tworange2/pairs/R00008/right/Main.java
R00009,s521613158.java,p02413,/Users/liuziqi/Documents/西大Graduate/Project_base/Code/Meng_ProjectBased_DetectCodeSimilar/code-sim/results/formal-v1/tworange2/pairs/R00009/left/Main.java,/Users/liuziqi/Documents/西大Graduate/Project_base/Code/Meng_ProjectBased_DetectCodeSimilar/code-sim/results/formal-v1/tworange2/pairs/R00009/right/Main.java
R00010,s238093199.java,p02829,/Users/liuziqi/Documents/西大Graduate/Project_base/Code/Meng_ProjectBased_DetectCodeSimilar/code-sim/results/formal-v1/tworange2/pairs/R00010/left/Main.java,/Users/liuziqi/Documents/西大Graduate/Project_base/Code/Meng_ProjectBased_DetectCodeSimilar/code-sim/results/formal-v1/tworange2/pairs/R00010/right/Main.java
R00011,s075534275.java,p02832,/Users/liuziqi/Documents/西大Graduate/Project_base/Code/Meng_ProjectBased_DetectCodeSimilar/code-sim/results/formal-v1/tworange2/pairs/R00011/left/Main.java,/Users/liuziqi/Documents/西大Graduate/Project_base/Code/Meng_ProjectBased_DetectCodeSimilar/code-sim/results/formal-v1/tworange2/pairs/R00011/right/Main.java
R00012,s028229884.java,p03102,/Users/liuziqi/Documents/西大Graduate/Project_base/Code/Meng_ProjectBased_DetectCodeSimilar/code-sim/results/formal-v1/tworange2/pairs/R00012/left/Main.java,/Users/liuziqi/Documents/西大Graduate/Project_base/Code/Meng_ProjectBased_DetectCodeSimilar/code-sim/results/formal-v1/tworange2/pairs/R00012/right/Main.java
R00013,s269365845.java,p02784,/Users/liuziqi/Documents/西大Graduate/Project_base/Code/Meng_ProjectBased_DetectCodeSimilar/code-sim/results/formal-v1/tworange2/pairs/R00013/left/Main.java,/Users/liuziqi/Documents/西大Graduate/Project_base/Code/Meng_ProjectBased_DetectCodeSimilar/code-sim/results/formal-v1/tworange2/pairs/R00013/right/Main.java
R00014,s938064015.java,p02409,/Users/liuziqi/Documents/西大Graduate/Project_base/Code/Meng_ProjectBased_DetectCodeSimilar/code-sim/results/formal-v1/tworange2/pairs/R00014/left/Main.java,/Users/liuziqi/Documents/西大Graduate/Project_base/Code/Meng_ProjectBased_DetectCodeSimilar/code-sim/results/formal-v1/tworange2/pairs/R00014/right/Main.java
R00015,s847696837.java,p03695,/Users/liuziqi/Documents/西大Graduate/Project_base/Code/Meng_ProjectBased_DetectCodeSimilar/code-sim/results/formal-v1/tworange2/pairs/R00015/left/Main.java,/Users/liuziqi/Documents/西大Graduate/Project_base/Code/Meng_ProjectBased_DetectCodeSimilar/code-sim/results/formal-v1/tworange2/pairs/R00015/right/Main.java
R00016,s330611086.java,p02725,/Users/liuziqi/Documents/西大Graduate/Project_base/Code/Meng_ProjectBased_DetectCodeSimilar/code-sim/results/formal-v1/tworange2/pairs/R00016/left/Main.java,/Users/liuziqi/Documents/西大Graduate/Project_base/Code/Meng_ProjectBased_DetectCodeSimilar/code-sim/results/formal-v1/tworange2/pairs/R00016/right/Main.java
R00017,s442048964.java,p02718,/Users/liuziqi/Documents/西大Graduate/Project_base/Code/Meng_ProjectBased_DetectCodeSimilar/code-sim/results/formal-v1/tworange2/pairs/R00017/left/Main.java,/Users/liuziqi/Documents/西大Graduate/Project_base/Code/Meng_ProjectBased_DetectCodeSimilar/code-sim/results/formal-v1/tworange2/pairs/R00017/right/Main.java
R00018,s376660650.java,p02729,/Users/liuziqi/Documents/西大Graduate/Project_base/Code/Meng_ProjectBased_DetectCodeSimilar/code-sim/results/formal-v1/tworange2/pairs/R00018/left/Main.java,/Users/liuziqi/Documents/西大Graduate/Project_base/Code/Meng_ProjectBased_DetectCodeSimilar/code-sim/results/formal-v1/tworange2/pairs/R00018/right/Main.java
R00019,s039984815.java,p04044,/Users/liuziqi/Documents/西大Graduate/Project_base/Code/Meng_ProjectBased_DetectCodeSimilar/code-sim/results/formal-v1/tworange2/pairs/R00019/left/Main.java,/Users/liuziqi/Documents/西大Graduate/Project_base/Code/Meng_ProjectBased_DetectCodeSimilar/code-sim/results/formal-v1/tworange2/pairs/R00019/right/Main.java
R00020,s968346572.java,p02725,/Users/liuziqi/Documents/西大Graduate/Project_base/Code/Meng_ProjectBased_DetectCodeSimilar/code-sim/results/formal-v1/tworange2/pairs/R00020/left/Main.java,/Users/liuziqi/Documents/西大Graduate/Project_base/Code/Meng_ProjectBased_DetectCodeSimilar/code-sim/results/formal-v1/tworange2/pairs/R00020/right/Main.java
R00021,s249264474.java,p02409,/Users/liuziqi/Documents/西大Graduate/Project_base/Code/Meng_ProjectBased_DetectCodeSimilar/code-sim/results/formal-v1/tworange2/pairs/R00021/left/Main.java,/Users/liuziqi/Documents/西大Graduate/Project_base/Code/Meng_ProjectBased_DetectCodeSimilar/code-sim/results/formal-v1/tworange2/pairs/R00021/right/Main.java
R00022,s504929949.java,p02916,/Users/liuziqi/Documents/西大Graduate/Project_base/Code/Meng_ProjectBased_DetectCodeSimilar/code-sim/results/formal-v1/tworange2/pairs/R00022/left/Main.java,/Users/liuziqi/Documents/西大Graduate/Project_base/Code/Meng_ProjectBased_DetectCodeSimilar/code-sim/results/formal-v1/tworange2/pairs/R00022/right/Main.java
R00023,s462358913.java,p02848,/Users/liuziqi/Documents/西大Graduate/Project_base/Code/Meng_ProjectBased_DetectCodeSimilar/code-sim/results/formal-v1/tworange2/pairs/R00023/left/Main.java,/Users/liuziqi/Documents/西大Graduate/Project_base/Code/Meng_ProjectBased_DetectCodeSimilar/code-sim/results/formal-v1/tworange2/pairs/R00023/right/Main.java
R00024,s113691501.java,p02409,/Users/liuziqi/Documents/西大Graduate/Project_base/Code/Meng_ProjectBased_DetectCodeSimilar/code-sim/results/formal-v1/tworange2/pairs/R00024/left/Main.java,/Users/liuziqi/Documents/西大Graduate/Project_base/Code/Meng_ProjectBased_DetectCodeSimilar/code-sim/results/formal-v1/tworange2/pairs/R00024/right/Main.java
R00025,s447550296.java,p03371,/Users/liuziqi/Documents/西大Graduate/Project_base/Code/Meng_ProjectBased_DetectCodeSimilar/code-sim/results/formal-v1/tworange2/pairs/R00025/left/Main.java,/Users/liuziqi/Documents/西大Graduate/Project_base/Code/Meng_ProjectBased_DetectCodeSimilar/code-sim/results/formal-v1/tworange2/pairs/R00025/right/Main.java
R00026,s308773932.java,p03854,/Users/liuziqi/Documents/西大Graduate/Project_base/Code/Meng_ProjectBased_DetectCodeSimilar/code-sim/results/formal-v1/tworange2/pairs/R00026/left/Main.java,/Users/liuziqi/Documents/西大Graduate/Project_base/Code/Meng_ProjectBased_DetectCodeSimilar/code-sim/results/formal-v1/tworange2/pairs/R00026/right/Main.java
R00027,s521872412.java,p02259,/Users/liuziqi/Documents/西大Graduate/Project_base/Code/Meng_ProjectBased_DetectCodeSimilar/code-sim/results/formal-v1/tworange2/pairs/R00027/left/Main.java,/Users/liuziqi/Documents/西大Graduate/Project_base/Code/Meng_ProjectBased_DetectCodeSimilar/code-sim/results/formal-v1/tworange2/pairs/R00027/right/Main.java
R00028,s613178333.java,p02730,/Users/liuziqi/Documents/西大Graduate/Project_base/Code/Meng_ProjectBased_DetectCodeSimilar/code-sim/results/formal-v1/tworange2/pairs/R00028/left/Main.java,/Users/liuziqi/Documents/西大Graduate/Project_base/Code/Meng_ProjectBased_DetectCodeSimilar/code-sim/results/formal-v1/tworange2/pairs/R00028/right/Main.java
R00029,s051374303.java,p03695,/Users/liuziqi/Documents/西大Graduate/Project_base/Code/Meng_ProjectBased_DetectCodeSimilar/code-sim/results/formal-v1/tworange2/pairs/R00029/left/Main.java,/Users/liuziqi/Documents/西大Graduate/Project_base/Code/Meng_ProjectBased_DetectCodeSimilar/code-sim/results/formal-v1/tworange2/pairs/R00029/right/Main.java
R00030,s900656875.java,p03545,/Users/liuziqi/Documents/西大Graduate/Project_base/Code/Meng_ProjectBased_DetectCodeSimilar/code-sim/results/formal-v1/tworange2/pairs/R00030/left/Main.java,/Users/liuziqi/Documents/西大Graduate/Project_base/Code/Meng_ProjectBased_DetectCodeSimilar/code-sim/results/formal-v1/tworange2/pairs/R00030/right/Main.java
R00031,s027974804.java,p02970,/Users/liuziqi/Documents/西大Graduate/Project_base/Code/Meng_ProjectBased_DetectCodeSimilar/code-sim/results/formal-v1/tworange2/pairs/R00031/left/Main.java,/Users/liuziqi/Documents/西大Graduate/Project_base/Code/Meng_ProjectBased_DetectCodeSimilar/code-sim/results/formal-v1/tworange2/pairs/R00031/right/Main.java
R00032,s875171333.java,p02916,/Users/liuziqi/Documents/西大Graduate/Project_base/Code/Meng_ProjectBased_DetectCodeSimilar/code-sim/results/formal-v1/tworange2/pairs/R00032/left/Main.java,/Users/liuziqi/Documents/西大Graduate/Project_base/Code/Meng_ProjectBased_DetectCodeSimilar/code-sim/results/formal-v1/tworange2/pairs/R00032/right/Main.java
R00033,s281627222.java,p02988,/Users/liuziqi/Documents/西大Graduate/Project_base/Code/Meng_ProjectBased_DetectCodeSimilar/code-sim/results/formal-v1/tworange2/pairs/R00033/left/Main.java,/Users/liuziqi/Documents/西大Graduate/Project_base/Code/Meng_ProjectBased_DetectCodeSimilar/code-sim/results/formal-v1/tworange2/pairs/R00033/right/Main.java
R00034,s228307220.java,p02260,/Users/liuziqi/Documents/西大Graduate/Project_base/Code/Meng_ProjectBased_DetectCodeSimilar/code-sim/results/formal-v1/tworange2/pairs/R00034/left/Main.java,/Users/liuziqi/Documents/西大Graduate/Project_base/Code/Meng_ProjectBased_DetectCodeSimilar/code-sim/results/formal-v1/tworange2/pairs/R00034/right/Main.java
R00035,s980615609.java,p02818,/Users/liuziqi/Documents/西大Graduate/Project_base/Code/Meng_ProjectBased_DetectCodeSimilar/code-sim/results/formal-v1/tworange2/pairs/R00035/left/Main.java,/Users/liuziqi/Documents/西大Graduate/Project_base/Code/Meng_ProjectBased_DetectCodeSimilar/code-sim/results/formal-v1/tworange2/pairs/R00035/right/Main.java
R00036,s804593009.java,p02547,/Users/liuziqi/Documents/西大Graduate/Project_base/Code/Meng_ProjectBased_DetectCodeSimilar/code-sim/results/formal-v1/tworange2/pairs/R00036/left/Main.java,/Users/liuziqi/Documents/西大Graduate/Project_base/Code/Meng_ProjectBased_DetectCodeSimilar/code-sim/results/formal-v1/tworange2/pairs/R00036/right/Main.java
R00037,s719009870.java,p02408,/Users/liuziqi/Documents/西大Graduate/Project_base/Code/Meng_ProjectBased_DetectCodeSimilar/code-sim/results/formal-v1/tworange2/pairs/R00037/left/Main.java,/Users/liuziqi/Documents/西大Graduate/Project_base/Code/Meng_ProjectBased_DetectCodeSimilar/code-sim/results/formal-v1/tworange2/pairs/R00037/right/Main.java
R00038,s611809455.java,p03435,/Users/liuziqi/Documents/西大Graduate/Project_base/Code/Meng_ProjectBased_DetectCodeSimilar/code-sim/results/formal-v1/tworange2/pairs/R00038/left/Main.java,/Users/liuziqi/Documents/西大Graduate/Project_base/Code/Meng_ProjectBased_DetectCodeSimilar/code-sim/results/formal-v1/tworange2/pairs/R00038/right/Main.java
R00039,s210091090.java,p02916,/Users/liuziqi/Documents/西大Graduate/Project_base/Code/Meng_ProjectBased_DetectCodeSimilar/code-sim/results/formal-v1/tworange2/pairs/R00039/left/Main.java,/Users/liuziqi/Documents/西大Graduate/Project_base/Code/Meng_ProjectBased_DetectCodeSimilar/code-sim/results/formal-v1/tworange2/pairs/R00039/right/Main.java
R00040,s353235760.java,p03013,/Users/liuziqi/Documents/西大Graduate/Project_base/Code/Meng_ProjectBased_DetectCodeSimilar/code-sim/results/formal-v1/tworange2/pairs/R00040/left/Main.java,/Users/liuziqi/Documents/西大Graduate/Project_base/Code/Meng_ProjectBased_DetectCodeSimilar/code-sim/results/formal-v1/tworange2/pairs/R00040/right/Main.java
R00041,s617183142.java,p02953,/Users/liuziqi/Documents/西大Graduate/Project_base/Code/Meng_ProjectBased_DetectCodeSimilar/code-sim/results/formal-v1/tworange2/pairs/R00041/left/Main.java,/Users/liuziqi/Documents/西大Graduate/Project_base/Code/Meng_ProjectBased_DetectCodeSimilar/code-sim/results/formal-v1/tworange2/pairs/R00041/right/Main.java
R00042,s732291907.java,p00011,/Users/liuziqi/Documents/西大Graduate/Project_base/Code/Meng_ProjectBased_DetectCodeSimilar/code-sim/results/formal-v1/tworange2/pairs/R00042/left/Main.java,/Users/liuziqi/Documents/西大Graduate/Project_base/Code/Meng_ProjectBased_DetectCodeSimilar/code-sim/results/formal-v1/tworange2/pairs/R00042/right/Main.java
R00043,s080380288.java,p02701,/Users/liuziqi/Documents/西大Graduate/Project_base/Code/Meng_ProjectBased_DetectCodeSimilar/code-sim/results/formal-v1/tworange2/pairs/R00043/left/Main.java,/Users/liuziqi/Documents/西大Graduate/Project_base/Code/Meng_ProjectBased_DetectCodeSimilar/code-sim/results/formal-v1/tworange2/pairs/R00043/right/Main.java
R00044,s262393776.java,p03106,/Users/liuziqi/Documents/西大Graduate/Project_base/Code/Meng_ProjectBased_DetectCodeSimilar/code-sim/results/formal-v1/tworange2/pairs/R00044/left/Main.java,/Users/liuziqi/Documents/西大Graduate/Project_base/Code/Meng_ProjectBased_DetectCodeSimilar/code-sim/results/formal-v1/tworange2/pairs/R00044/right/Main.java
R00045,s356551989.java,p03378,/Users/liuziqi/Documents/西大Graduate/Project_base/Code/Meng_ProjectBased_DetectCodeSimilar/code-sim/results/formal-v1/tworange2/pairs/R00045/left/Main.java,/Users/liuziqi/Documents/西大Graduate/Project_base/Code/Meng_ProjectBased_DetectCodeSimilar/code-sim/results/formal-v1/tworange2/pairs/R00045/right/Main.java
R00046,s410328160.java,p02995,/Users/liuziqi/Documents/西大Graduate/Project_base/Code/Meng_ProjectBased_DetectCodeSimilar/code-sim/results/formal-v1/tworange2/pairs/R00046/left/Main.java,/Users/liuziqi/Documents/西大Graduate/Project_base/Code/Meng_ProjectBased_DetectCodeSimilar/code-sim/results/formal-v1/tworange2/pairs/R00046/right/Main.java
R00047,s401160777.java,p02629,/Users/liuziqi/Documents/西大Graduate/Project_base/Code/Meng_ProjectBased_DetectCodeSimilar/code-sim/results/formal-v1/tworange2/pairs/R00047/left/Main.java,/Users/liuziqi/Documents/西大Graduate/Project_base/Code/Meng_ProjectBased_DetectCodeSimilar/code-sim/results/formal-v1/tworange2/pairs/R00047/right/Main.java
R00048,s735196718.java,p03449,/Users/liuziqi/Documents/西大Graduate/Project_base/Code/Meng_ProjectBased_DetectCodeSimilar/code-sim/results/formal-v1/tworange2/pairs/R00048/left/Main.java,/Users/liuziqi/Documents/西大Graduate/Project_base/Code/Meng_ProjectBased_DetectCodeSimilar/code-sim/results/formal-v1/tworange2/pairs/R00048/right/Main.java
R00049,s294575663.java,p02628,/Users/liuziqi/Documents/西大Graduate/Project_base/Code/Meng_ProjectBased_DetectCodeSimilar/code-sim/results/formal-v1/tworange2/pairs/R00049/left/SpaceCharFilter.java,/Users/liuziqi/Documents/西大Graduate/Project_base/Code/Meng_ProjectBased_DetectCodeSimilar/code-sim/results/formal-v1/tworange2/pairs/R00049/right/SpaceCharFilter.java
R00050,s069962654.java,p02641,/Users/liuziqi/Documents/西大Graduate/Project_base/Code/Meng_ProjectBased_DetectCodeSimilar/code-sim/results/formal-v1/tworange2/pairs/R00050/left/Main.java,/Users/liuziqi/Documents/西大Graduate/Project_base/Code/Meng_ProjectBased_DetectCodeSimilar/code-sim/results/formal-v1/tworange2/pairs/R00050/right/Main.java
R00051,s795482924.java,p02408,/Users/liuziqi/Documents/西大Graduate/Project_base/Code/Meng_ProjectBased_DetectCodeSimilar/code-sim/results/formal-v1/tworange2/pairs/R00051/left/Main.java,/Users/liuziqi/Documents/西大Graduate/Project_base/Code/Meng_ProjectBased_DetectCodeSimilar/code-sim/results/formal-v1/tworange2/pairs/R00051/right/Main.java
R00052,s041603215.java,p02916,/Users/liuziqi/Documents/西大Graduate/Project_base/Code/Meng_ProjectBased_DetectCodeSimilar/code-sim/results/formal-v1/tworange2/pairs/R00052/left/Main.java,/Users/liuziqi/Documents/西大Graduate/Project_base/Code/Meng_ProjectBased_DetectCodeSimilar/code-sim/results/formal-v1/tworange2/pairs/R00052/right/Main.java
R00053,s195111963.java,p02595,/Users/liuziqi/Documents/西大Graduate/Project_base/Code/Meng_ProjectBased_DetectCodeSimilar/code-sim/results/formal-v1/tworange2/pairs/R00053/left/Main.java,/Users/liuziqi/Documents/西大Graduate/Project_base/Code/Meng_ProjectBased_DetectCodeSimilar/code-sim/results/formal-v1/tworange2/pairs/R00053/right/Main.java
R00054,s025605900.java,p02832,/Users/liuziqi/Documents/西大Graduate/Project_base/Code/Meng_ProjectBased_DetectCodeSimilar/code-sim/results/formal-v1/tworange2/pairs/R00054/left/Main.java,/Users/liuziqi/Documents/西大Graduate/Project_base/Code/Meng_ProjectBased_DetectCodeSimilar/code-sim/results/formal-v1/tworange2/pairs/R00054/right/Main.java
R00055,s885600200.java,p02613,/Users/liuziqi/Documents/西大Graduate/Project_base/Code/Meng_ProjectBased_DetectCodeSimilar/code-sim/results/formal-v1/tworange2/pairs/R00055/left/Main.java,/Users/liuziqi/Documents/西大Graduate/Project_base/Code/Meng_ProjectBased_DetectCodeSimilar/code-sim/results/formal-v1/tworange2/pairs/R00055/right/Main.java
R00056,s547459960.java,p02268,/Users/liuziqi/Documents/西大Graduate/Project_base/Code/Meng_ProjectBased_DetectCodeSimilar/code-sim/results/formal-v1/tworange2/pairs/R00056/left/Main.java,/Users/liuziqi/Documents/西大Graduate/Project_base/Code/Meng_ProjectBased_DetectCodeSimilar/code-sim/results/formal-v1/tworange2/pairs/R00056/right/Main.java
R00057,s056306464.java,p02916,/Users/liuziqi/Documents/西大Graduate/Project_base/Code/Meng_ProjectBased_DetectCodeSimilar/code-sim/results/formal-v1/tworange2/pairs/R00057/left/Main.java,/Users/liuziqi/Documents/西大Graduate/Project_base/Code/Meng_ProjectBased_DetectCodeSimilar/code-sim/results/formal-v1/tworange2/pairs/R00057/right/Main.java
R00058,s672325109.java,p03457,/Users/liuziqi/Documents/西大Graduate/Project_base/Code/Meng_ProjectBased_DetectCodeSimilar/code-sim/results/formal-v1/tworange2/pairs/R00058/left/Main.java,/Users/liuziqi/Documents/西大Graduate/Project_base/Code/Meng_ProjectBased_DetectCodeSimilar/code-sim/results/formal-v1/tworange2/pairs/R00058/right/Main.java
R00059,s037901604.java,p02995,/Users/liuziqi/Documents/西大Graduate/Project_base/Code/Meng_ProjectBased_DetectCodeSimilar/code-sim/results/formal-v1/tworange2/pairs/R00059/left/Main.java,/Users/liuziqi/Documents/西大Graduate/Project_base/Code/Meng_ProjectBased_DetectCodeSimilar/code-sim/results/formal-v1/tworange2/pairs/R00059/right/Main.java
R00060,s756326444.java,p03371,/Users/liuziqi/Documents/西大Graduate/Project_base/Code/Meng_ProjectBased_DetectCodeSimilar/code-sim/results/formal-v1/tworange2/pairs/R00060/left/Main.java,/Users/liuziqi/Documents/西大Graduate/Project_base/Code/Meng_ProjectBased_DetectCodeSimilar/code-sim/results/formal-v1/tworange2/pairs/R00060/right/Main.java
R00061,s412426077.java,p02958,/Users/liuziqi/Documents/西大Graduate/Project_base/Code/Meng_ProjectBased_DetectCodeSimilar/code-sim/results/formal-v1/tworange2/pairs/R00061/left/Main.java,/Users/liuziqi/Documents/西大Graduate/Project_base/Code/Meng_ProjectBased_DetectCodeSimilar/code-sim/results/formal-v1/tworange2/pairs/R00061/right/Main.java
R00062,s833932659.java,p03449,/Users/liuziqi/Documents/西大Graduate/Project_base/Code/Meng_ProjectBased_DetectCodeSimilar/code-sim/results/formal-v1/tworange2/pairs/R00062/left/Main.java,/Users/liuziqi/Documents/西大Graduate/Project_base/Code/Meng_ProjectBased_DetectCodeSimilar/code-sim/results/formal-v1/tworange2/pairs/R00062/right/Main.java
R00063,s502317824.java,p02570,/Users/liuziqi/Documents/西大Graduate/Project_base/Code/Meng_ProjectBased_DetectCodeSimilar/code-sim/results/formal-v1/tworange2/pairs/R00063/left/Main.java,/Users/liuziqi/Documents/西大Graduate/Project_base/Code/Meng_ProjectBased_DetectCodeSimilar/code-sim/results/formal-v1/tworange2/pairs/R00063/right/Main.java
R00064,s553865382.java,p02402,/Users/liuziqi/Documents/西大Graduate/Project_base/Code/Meng_ProjectBased_DetectCodeSimilar/code-sim/results/formal-v1/tworange2/pairs/R00064/left/Main.java,/Users/liuziqi/Documents/西大Graduate/Project_base/Code/Meng_ProjectBased_DetectCodeSimilar/code-sim/results/formal-v1/tworange2/pairs/R00064/right/Main.java
R00065,s392411751.java,p02832,/Users/liuziqi/Documents/西大Graduate/Project_base/Code/Meng_ProjectBased_DetectCodeSimilar/code-sim/results/formal-v1/tworange2/pairs/R00065/left/Main.java,/Users/liuziqi/Documents/西大Graduate/Project_base/Code/Meng_ProjectBased_DetectCodeSimilar/code-sim/results/formal-v1/tworange2/pairs/R00065/right/Main.java
R00066,s201024993.java,p02773,/Users/liuziqi/Documents/西大Graduate/Project_base/Code/Meng_ProjectBased_DetectCodeSimilar/code-sim/results/formal-v1/tworange2/pairs/R00066/left/Main.java,/Users/liuziqi/Documents/西大Graduate/Project_base/Code/Meng_ProjectBased_DetectCodeSimilar/code-sim/results/formal-v1/tworange2/pairs/R00066/right/Main.java
R00067,s915790474.java,p02414,/Users/liuziqi/Documents/西大Graduate/Project_base/Code/Meng_ProjectBased_DetectCodeSimilar/code-sim/results/formal-v1/tworange2/pairs/R00067/left/Main.java,/Users/liuziqi/Documents/西大Graduate/Project_base/Code/Meng_ProjectBased_DetectCodeSimilar/code-sim/results/formal-v1/tworange2/pairs/R00067/right/Main.java
R00068,s541382100.java,p02713,/Users/liuziqi/Documents/西大Graduate/Project_base/Code/Meng_ProjectBased_DetectCodeSimilar/code-sim/results/formal-v1/tworange2/pairs/R00068/left/Main.java,/Users/liuziqi/Documents/西大Graduate/Project_base/Code/Meng_ProjectBased_DetectCodeSimilar/code-sim/results/formal-v1/tworange2/pairs/R00068/right/Main.java
R00069,s947570064.java,p03545,/Users/liuziqi/Documents/西大Graduate/Project_base/Code/Meng_ProjectBased_DetectCodeSimilar/code-sim/results/formal-v1/tworange2/pairs/R00069/left/Main.java,/Users/liuziqi/Documents/西大Graduate/Project_base/Code/Meng_ProjectBased_DetectCodeSimilar/code-sim/results/formal-v1/tworange2/pairs/R00069/right/Main.java
R00070,s402686878.java,p00011,/Users/liuziqi/Documents/西大Graduate/Project_base/Code/Meng_ProjectBased_DetectCodeSimilar/code-sim/results/formal-v1/tworange2/pairs/R00070/left/Main.java,/Users/liuziqi/Documents/西大Graduate/Project_base/Code/Meng_ProjectBased_DetectCodeSimilar/code-sim/results/formal-v1/tworange2/pairs/R00070/right/Main.java
R00071,s220339236.java,p02413,/Users/liuziqi/Documents/西大Graduate/Project_base/Code/Meng_ProjectBased_DetectCodeSimilar/code-sim/results/formal-v1/tworange2/pairs/R00071/left/Main.java,/Users/liuziqi/Documents/西大Graduate/Project_base/Code/Meng_ProjectBased_DetectCodeSimilar/code-sim/results/formal-v1/tworange2/pairs/R00071/right/Main.java
R00072,s007555598.java,p02982,/Users/liuziqi/Documents/西大Graduate/Project_base/Code/Meng_ProjectBased_DetectCodeSimilar/code-sim/results/formal-v1/tworange2/pairs/R00072/left/Main.java,/Users/liuziqi/Documents/西大Graduate/Project_base/Code/Meng_ProjectBased_DetectCodeSimilar/code-sim/results/formal-v1/tworange2/pairs/R00072/right/Main.java
R00073,s380933025.java,p02773,/Users/liuziqi/Documents/西大Graduate/Project_base/Code/Meng_ProjectBased_DetectCodeSimilar/code-sim/results/formal-v1/tworange2/pairs/R00073/left/Main.java,/Users/liuziqi/Documents/西大Graduate/Project_base/Code/Meng_ProjectBased_DetectCodeSimilar/code-sim/results/formal-v1/tworange2/pairs/R00073/right/Main.java
R00074,s935128151.java,p02628,/Users/liuziqi/Documents/西大Graduate/Project_base/Code/Meng_ProjectBased_DetectCodeSimilar/code-sim/results/formal-v1/tworange2/pairs/R00074/left/Main.java,/Users/liuziqi/Documents/西大Graduate/Project_base/Code/Meng_ProjectBased_DetectCodeSimilar/code-sim/results/formal-v1/tworange2/pairs/R00074/right/Main.java
R00075,s352248684.java,p02725,/Users/liuziqi/Documents/西大Graduate/Project_base/Code/Meng_ProjectBased_DetectCodeSimilar/code-sim/results/formal-v1/tworange2/pairs/R00075/left/Main.java,/Users/liuziqi/Documents/西大Graduate/Project_base/Code/Meng_ProjectBased_DetectCodeSimilar/code-sim/results/formal-v1/tworange2/pairs/R00075/right/Main.java
R00076,s855382556.java,p03289,/Users/liuziqi/Documents/西大Graduate/Project_base/Code/Meng_ProjectBased_DetectCodeSimilar/code-sim/results/formal-v1/tworange2/pairs/R00076/left/Main.java,/Users/liuziqi/Documents/西大Graduate/Project_base/Code/Meng_ProjectBased_DetectCodeSimilar/code-sim/results/formal-v1/tworange2/pairs/R00076/right/Main.java
R00077,s431695939.java,p02641,/Users/liuziqi/Documents/西大Graduate/Project_base/Code/Meng_ProjectBased_DetectCodeSimilar/code-sim/results/formal-v1/tworange2/pairs/R00077/left/Main.java,/Users/liuziqi/Documents/西大Graduate/Project_base/Code/Meng_ProjectBased_DetectCodeSimilar/code-sim/results/formal-v1/tworange2/pairs/R00077/right/Main.java
R00078,s611527104.java,p02641,/Users/liuziqi/Documents/西大Graduate/Project_base/Code/Meng_ProjectBased_DetectCodeSimilar/code-sim/results/formal-v1/tworange2/pairs/R00078/left/Main.java,/Users/liuziqi/Documents/西大Graduate/Project_base/Code/Meng_ProjectBased_DetectCodeSimilar/code-sim/results/formal-v1/tworange2/pairs/R00078/right/Main.java
R00079,s867320110.java,p02706,/Users/liuziqi/Documents/西大Graduate/Project_base/Code/Meng_ProjectBased_DetectCodeSimilar/code-sim/results/formal-v1/tworange2/pairs/R00079/left/Main.java,/Users/liuziqi/Documents/西大Graduate/Project_base/Code/Meng_ProjectBased_DetectCodeSimilar/code-sim/results/formal-v1/tworange2/pairs/R00079/right/Main.java
R00080,s986150446.java,p02410,/Users/liuziqi/Documents/西大Graduate/Project_base/Code/Meng_ProjectBased_DetectCodeSimilar/code-sim/results/formal-v1/tworange2/pairs/R00080/left/Main.java,/Users/liuziqi/Documents/西大Graduate/Project_base/Code/Meng_ProjectBased_DetectCodeSimilar/code-sim/results/formal-v1/tworange2/pairs/R00080/right/Main.java
R00081,s154301648.java,p02413,/Users/liuziqi/Documents/西大Graduate/Project_base/Code/Meng_ProjectBased_DetectCodeSimilar/code-sim/results/formal-v1/tworange2/pairs/R00081/left/Main.java,/Users/liuziqi/Documents/西大Graduate/Project_base/Code/Meng_ProjectBased_DetectCodeSimilar/code-sim/results/formal-v1/tworange2/pairs/R00081/right/Main.java
R00082,s198763249.java,p02802,/Users/liuziqi/Documents/西大Graduate/Project_base/Code/Meng_ProjectBased_DetectCodeSimilar/code-sim/results/formal-v1/tworange2/pairs/R00082/left/Main.java,/Users/liuziqi/Documents/西大Graduate/Project_base/Code/Meng_ProjectBased_DetectCodeSimilar/code-sim/results/formal-v1/tworange2/pairs/R00082/right/Main.java
R00083,s069608006.java,p03695,/Users/liuziqi/Documents/西大Graduate/Project_base/Code/Meng_ProjectBased_DetectCodeSimilar/code-sim/results/formal-v1/tworange2/pairs/R00083/left/Main.java,/Users/liuziqi/Documents/西大Graduate/Project_base/Code/Meng_ProjectBased_DetectCodeSimilar/code-sim/results/formal-v1/tworange2/pairs/R00083/right/Main.java
R00084,s720101463.java,p02995,/Users/liuziqi/Documents/西大Graduate/Project_base/Code/Meng_ProjectBased_DetectCodeSimilar/code-sim/results/formal-v1/tworange2/pairs/R00084/left/Main.java,/Users/liuziqi/Documents/西大Graduate/Project_base/Code/Meng_ProjectBased_DetectCodeSimilar/code-sim/results/formal-v1/tworange2/pairs/R00084/right/Main.java
R00085,s812674171.java,p02681,/Users/liuziqi/Documents/西大Graduate/Project_base/Code/Meng_ProjectBased_DetectCodeSimilar/code-sim/results/formal-v1/tworange2/pairs/R00085/left/Main.java,/Users/liuziqi/Documents/西大Graduate/Project_base/Code/Meng_ProjectBased_DetectCodeSimilar/code-sim/results/formal-v1/tworange2/pairs/R00085/right/Main.java
R00086,s498327487.java,p02935,/Users/liuziqi/Documents/西大Graduate/Project_base/Code/Meng_ProjectBased_DetectCodeSimilar/code-sim/results/formal-v1/tworange2/pairs/R00086/left/Main.java,/Users/liuziqi/Documents/西大Graduate/Project_base/Code/Meng_ProjectBased_DetectCodeSimilar/code-sim/results/formal-v1/tworange2/pairs/R00086/right/Main.java
R00087,s993158806.java,p03087,/Users/liuziqi/Documents/西大Graduate/Project_base/Code/Meng_ProjectBased_DetectCodeSimilar/code-sim/results/formal-v1/tworange2/pairs/R00087/left/Main.java,/Users/liuziqi/Documents/西大Graduate/Project_base/Code/Meng_ProjectBased_DetectCodeSimilar/code-sim/results/formal-v1/tworange2/pairs/R00087/right/Main.java
R00088,s374879416.java,p02819,/Users/liuziqi/Documents/西大Graduate/Project_base/Code/Meng_ProjectBased_DetectCodeSimilar/code-sim/results/formal-v1/tworange2/pairs/R00088/left/Main.java,/Users/liuziqi/Documents/西大Graduate/Project_base/Code/Meng_ProjectBased_DetectCodeSimilar/code-sim/results/formal-v1/tworange2/pairs/R00088/right/Main.java
R00089,s457282704.java,p02947,/Users/liuziqi/Documents/西大Graduate/Project_base/Code/Meng_ProjectBased_DetectCodeSimilar/code-sim/results/formal-v1/tworange2/pairs/R00089/left/Main.java,/Users/liuziqi/Documents/西大Graduate/Project_base/Code/Meng_ProjectBased_DetectCodeSimilar/code-sim/results/formal-v1/tworange2/pairs/R00089/right/Main.java
R00090,s495036455.java,p02916,/Users/liuziqi/Documents/西大Graduate/Project_base/Code/Meng_ProjectBased_DetectCodeSimilar/code-sim/results/formal-v1/tworange2/pairs/R00090/left/Main.java,/Users/liuziqi/Documents/西大Graduate/Project_base/Code/Meng_ProjectBased_DetectCodeSimilar/code-sim/results/formal-v1/tworange2/pairs/R00090/right/Main.java
R00091,s975492871.java,p03695,/Users/liuziqi/Documents/西大Graduate/Project_base/Code/Meng_ProjectBased_DetectCodeSimilar/code-sim/results/formal-v1/tworange2/pairs/R00091/left/Main.java,/Users/liuziqi/Documents/西大Graduate/Project_base/Code/Meng_ProjectBased_DetectCodeSimilar/code-sim/results/formal-v1/tworange2/pairs/R00091/right/Main.java
R00092,s236892387.java,p02791,/Users/liuziqi/Documents/西大Graduate/Project_base/Code/Meng_ProjectBased_DetectCodeSimilar/code-sim/results/formal-v1/tworange2/pairs/R00092/left/Main.java,/Users/liuziqi/Documents/西大Graduate/Project_base/Code/Meng_ProjectBased_DetectCodeSimilar/code-sim/results/formal-v1/tworange2/pairs/R00092/right/Main.java
R00093,s739009490.java,p02414,/Users/liuziqi/Documents/西大Graduate/Project_base/Code/Meng_ProjectBased_DetectCodeSimilar/code-sim/results/formal-v1/tworange2/pairs/R00093/left/Main.java,/Users/liuziqi/Documents/西大Graduate/Project_base/Code/Meng_ProjectBased_DetectCodeSimilar/code-sim/results/formal-v1/tworange2/pairs/R00093/right/Main.java
R00094,s572158649.java,p02860,/Users/liuziqi/Documents/西大Graduate/Project_base/Code/Meng_ProjectBased_DetectCodeSimilar/code-sim/results/formal-v1/tworange2/pairs/R00094/left/Main.java,/Users/liuziqi/Documents/西大Graduate/Project_base/Code/Meng_ProjectBased_DetectCodeSimilar/code-sim/results/formal-v1/tworange2/pairs/R00094/right/Main.java
R00095,s743873196.java,p03161,/Users/liuziqi/Documents/西大Graduate/Project_base/Code/Meng_ProjectBased_DetectCodeSimilar/code-sim/results/formal-v1/tworange2/pairs/R00095/left/Main.java,/Users/liuziqi/Documents/西大Graduate/Project_base/Code/Meng_ProjectBased_DetectCodeSimilar/code-sim/results/formal-v1/tworange2/pairs/R00095/right/Main.java
R00096,s255823580.java,p02988,/Users/liuziqi/Documents/西大Graduate/Project_base/Code/Meng_ProjectBased_DetectCodeSimilar/code-sim/results/formal-v1/tworange2/pairs/R00096/left/Main.java,/Users/liuziqi/Documents/西大Graduate/Project_base/Code/Meng_ProjectBased_DetectCodeSimilar/code-sim/results/formal-v1/tworange2/pairs/R00096/right/Main.java
R00097,s808390520.java,p02682,/Users/liuziqi/Documents/西大Graduate/Project_base/Code/Meng_ProjectBased_DetectCodeSimilar/code-sim/results/formal-v1/tworange2/pairs/R00097/left/Main.java,/Users/liuziqi/Documents/西大Graduate/Project_base/Code/Meng_ProjectBased_DetectCodeSimilar/code-sim/results/formal-v1/tworange2/pairs/R00097/right/Main.java
R00098,s459762488.java,p03087,/Users/liuziqi/Documents/西大Graduate/Project_base/Code/Meng_ProjectBased_DetectCodeSimilar/code-sim/results/formal-v1/tworange2/pairs/R00098/left/Main.java,/Users/liuziqi/Documents/西大Graduate/Project_base/Code/Meng_ProjectBased_DetectCodeSimilar/code-sim/results/formal-v1/tworange2/pairs/R00098/right/Main.java
R00099,s832736768.java,p02785,/Users/liuziqi/Documents/西大Graduate/Project_base/Code/Meng_ProjectBased_DetectCodeSimilar/code-sim/results/formal-v1/tworange2/pairs/R00099/left/Main.java,/Users/liuziqi/Documents/西大Graduate/Project_base/Code/Meng_ProjectBased_DetectCodeSimilar/code-sim/results/formal-v1/tworange2/pairs/R00099/right/Main.java
R00100,s895802573.java,p03041,/Users/liuziqi/Documents/西大Graduate/Project_base/Code/Meng_ProjectBased_DetectCodeSimilar/code-sim/results/formal-v1/tworange2/pairs/R00100/left/Main.java,/Users/liuziqi/Documents/西大Graduate/Project_base/Code/Meng_ProjectBased_DetectCodeSimilar/code-sim/results/formal-v1/tworange2/pairs/R00100/right/Main.java
R00101,s878707457.java,p02832,/Users/liuziqi/Documents/西大Graduate/Project_base/Code/Meng_ProjectBased_DetectCodeSimilar/code-sim/results/formal-v1/tworange2/pairs/R00101/left/Main.java,/Users/liuziqi/Documents/西大Graduate/Project_base/Code/Meng_ProjectBased_DetectCodeSimilar/code-sim/results/formal-v1/tworange2/pairs/R00101/right/Main.java
R00102,s344666980.java,p02773,/Users/liuziqi/Documents/西大Graduate/Project_base/Code/Meng_ProjectBased_DetectCodeSimilar/code-sim/results/formal-v1/tworange2/pairs/R00102/left/Main.java,/Users/liuziqi/Documents/西大Graduate/Project_base/Code/Meng_ProjectBased_DetectCodeSimilar/code-sim/results/formal-v1/tworange2/pairs/R00102/right/Main.java
R00103,s482153852.java,p03073,/Users/liuziqi/Documents/西大Graduate/Project_base/Code/Meng_ProjectBased_DetectCodeSimilar/code-sim/results/formal-v1/tworange2/pairs/R00103/left/Main.java,/Users/liuziqi/Documents/西大Graduate/Project_base/Code/Meng_ProjectBased_DetectCodeSimilar/code-sim/results/formal-v1/tworange2/pairs/R00103/right/Main.java
R00104,s473047702.java,p03457,/Users/liuziqi/Documents/西大Graduate/Project_base/Code/Meng_ProjectBased_DetectCodeSimilar/code-sim/results/formal-v1/tworange2/pairs/R00104/left/Main.java,/Users/liuziqi/Documents/西大Graduate/Project_base/Code/Meng_ProjectBased_DetectCodeSimilar/code-sim/results/formal-v1/tworange2/pairs/R00104/right/Main.java
R00105,s312343283.java,p02268,/Users/liuziqi/Documents/西大Graduate/Project_base/Code/Meng_ProjectBased_DetectCodeSimilar/code-sim/results/formal-v1/tworange2/pairs/R00105/left/Main.java,/Users/liuziqi/Documents/西大Graduate/Project_base/Code/Meng_ProjectBased_DetectCodeSimilar/code-sim/results/formal-v1/tworange2/pairs/R00105/right/Main.java
R00106,s355362268.java,p03316,/Users/liuziqi/Documents/西大Graduate/Project_base/Code/Meng_ProjectBased_DetectCodeSimilar/code-sim/results/formal-v1/tworange2/pairs/R00106/left/Main.java,/Users/liuziqi/Documents/西大Graduate/Project_base/Code/Meng_ProjectBased_DetectCodeSimilar/code-sim/results/formal-v1/tworange2/pairs/R00106/right/Main.java
R00107,s024126632.java,p03042,/Users/liuziqi/Documents/西大Graduate/Project_base/Code/Meng_ProjectBased_DetectCodeSimilar/code-sim/results/formal-v1/tworange2/pairs/R00107/left/Main.java,/Users/liuziqi/Documents/西大Graduate/Project_base/Code/Meng_ProjectBased_DetectCodeSimilar/code-sim/results/formal-v1/tworange2/pairs/R00107/right/Main.java
R00108,s124092036.java,p02916,/Users/liuziqi/Documents/西大Graduate/Project_base/Code/Meng_ProjectBased_DetectCodeSimilar/code-sim/results/formal-v1/tworange2/pairs/R00108/left/Main.java,/Users/liuziqi/Documents/西大Graduate/Project_base/Code/Meng_ProjectBased_DetectCodeSimilar/code-sim/results/formal-v1/tworange2/pairs/R00108/right/Main.java
R00109,s158176415.java,p03289,/Users/liuziqi/Documents/西大Graduate/Project_base/Code/Meng_ProjectBased_DetectCodeSimilar/code-sim/results/formal-v1/tworange2/pairs/R00109/left/Main.java,/Users/liuziqi/Documents/西大Graduate/Project_base/Code/Meng_ProjectBased_DetectCodeSimilar/code-sim/results/formal-v1/tworange2/pairs/R00109/right/Main.java
R00110,s577652172.java,p02785,/Users/liuziqi/Documents/西大Graduate/Project_base/Code/Meng_ProjectBased_DetectCodeSimilar/code-sim/results/formal-v1/tworange2/pairs/R00110/left/Main.java,/Users/liuziqi/Documents/西大Graduate/Project_base/Code/Meng_ProjectBased_DetectCodeSimilar/code-sim/results/formal-v1/tworange2/pairs/R00110/right/Main.java
R00111,s481486588.java,p02381,/Users/liuziqi/Documents/西大Graduate/Project_base/Code/Meng_ProjectBased_DetectCodeSimilar/code-sim/results/formal-v1/tworange2/pairs/R00111/left/Main.java,/Users/liuziqi/Documents/西大Graduate/Project_base/Code/Meng_ProjectBased_DetectCodeSimilar/code-sim/results/formal-v1/tworange2/pairs/R00111/right/Main.java
R00112,s995910393.java,p02847,/Users/liuziqi/Documents/西大Graduate/Project_base/Code/Meng_ProjectBased_DetectCodeSimilar/code-sim/results/formal-v1/tworange2/pairs/R00112/left/Main.java,/Users/liuziqi/Documents/西大Graduate/Project_base/Code/Meng_ProjectBased_DetectCodeSimilar/code-sim/results/formal-v1/tworange2/pairs/R00112/right/Main.java
R00113,s682583395.java,p02413,/Users/liuziqi/Documents/西大Graduate/Project_base/Code/Meng_ProjectBased_DetectCodeSimilar/code-sim/results/formal-v1/tworange2/pairs/R00113/left/Main.java,/Users/liuziqi/Documents/西大Graduate/Project_base/Code/Meng_ProjectBased_DetectCodeSimilar/code-sim/results/formal-v1/tworange2/pairs/R00113/right/Main.java
R00114,s414402472.java,p02718,/Users/liuziqi/Documents/西大Graduate/Project_base/Code/Meng_ProjectBased_DetectCodeSimilar/code-sim/results/formal-v1/tworange2/pairs/R00114/left/Main.java,/Users/liuziqi/Documents/西大Graduate/Project_base/Code/Meng_ProjectBased_DetectCodeSimilar/code-sim/results/formal-v1/tworange2/pairs/R00114/right/Main.java
R00115,s667449645.java,p02910,/Users/liuziqi/Documents/西大Graduate/Project_base/Code/Meng_ProjectBased_DetectCodeSimilar/code-sim/results/formal-v1/tworange2/pairs/R00115/left/Main.java,/Users/liuziqi/Documents/西大Graduate/Project_base/Code/Meng_ProjectBased_DetectCodeSimilar/code-sim/results/formal-v1/tworange2/pairs/R00115/right/Main.java
R00116,s763807049.java,p03352,/Users/liuziqi/Documents/西大Graduate/Project_base/Code/Meng_ProjectBased_DetectCodeSimilar/code-sim/results/formal-v1/tworange2/pairs/R00116/left/Main.java,/Users/liuziqi/Documents/西大Graduate/Project_base/Code/Meng_ProjectBased_DetectCodeSimilar/code-sim/results/formal-v1/tworange2/pairs/R00116/right/Main.java
R00117,s996374646.java,p02911,/Users/liuziqi/Documents/西大Graduate/Project_base/Code/Meng_ProjectBased_DetectCodeSimilar/code-sim/results/formal-v1/tworange2/pairs/R00117/left/Main.java,/Users/liuziqi/Documents/西大Graduate/Project_base/Code/Meng_ProjectBased_DetectCodeSimilar/code-sim/results/formal-v1/tworange2/pairs/R00117/right/Main.java
