pair_id,ref_index,range_index,kind,clone_type,operator,left_begin,left_end,right_begin,right_end
R00000,0,0,CLONE_INTERVAL,T3,t3_delete_statement,6,11,6,10
R00000,1,0,MUTATION,T3,t3_delete_statement,11,11,,
R00000,2,1,CLONE_INTERVAL,T2,t2_rename_local_x1,18,25,17,24
R00000,3,1,MUTATION,T2,t2_rename_local_x1,20,21,19,20
R00000,4,-1,UNTOUCHED,T1,none,3,5,3,5
R00000,5,-1,UNTOUCHED,T1,none,12,17,11,16
R00000,6,-1,UNTOUCHED,T1,none,26,28,25,27
R00001,0,0,CLONE_INTERVAL,T2,t2_rename_local_x3,11,21,11,21
R00001,1,0,MUTATION,T2,t2_rename_local_x3,11,20,11,20
R00001,4,1,CLONE_INTERVAL,T1,t1_reindent,95,102,95,102
R00001,5,1,MUTATION,T1,t1_reindent,95,102,95,102
R00001,6,-1,UNTOUCHED,T1,none,5,10,5,10
R00001,7,-1,UNTOUCHED,T1,none,22,24,22,24
R00001,8,-1,UNTOUCHED,T1,none,89,94,89,94
R00001,9,-1,UNTOUCHED,T1,none,103,114,103,114
R00002,0,0,CLONE_INTERVAL,T2,t2_change_int_literal,9,14,9,14
R00002,1,0,MUTATION,T2,t2_change_int_literal,12,12,12,12
R00002,2,1,CLONE_INTERVAL,T2,t2_change_string_literal,23,30,23,30
R00002,3,1,MUTATION,T2,t2_change_string_literal,27,27,27,27
R00002,4,-1,UNTOUCHED,T1,none,3,8,3,8
R00002,5,-1,UNTOUCHED,T1,none,15,22,15,22
R00002,6,-1,UNTOUCHED,T1,none,31,33,31,33
R00003,0,0,CLONE_INTERVAL,T3,t3_delete_statement,7,12,7,11
R00003,1,0,MUTATION,T3,t3_delete_statement,11,11,,
R00003,2,1,CLONE_INTERVAL,T3,t3_delete_statement,21,26,20,24
R00003,3,1,MUTATION,T3,t3_delete_statement,22,22,,
R00003,4,-1,UNTOUCHED,T1,none,4,6,4,6
R00003,5,-1,UNTOUCHED,T1,none,13,20,12,19
R00003,6,-1,UNTOUCHED,T1,none,27,29,25,27
R00004,0,0,CLONE_INTERVAL,T3,t3_delete_statement,9,14,9,13
R00004,1,0,MUTATION,T3,t3_delete_statement,9,9,,
R00004,2,1,CLONE_INTERVAL,T1,t1_add_block_comment,20,26,19,26
R00004,3,1,MUTATION,T1,t1_add_block_comment,,,24,24
R00004,4,-1,UNTOUCHED,T1,none,3,8,3,8
R00004,5,-1,UNTOUCHED,T1,none,15,19,14,18
R00004,6,-1,UNTOUCHED,T1,none,27,33,27,33
R00005,0,0,CLONE_INTERVAL,T1,t1_add_blank_line,8,14,8,15
R00005,1,0,MUTATION,T1,t1_add_blank_line,,,12,12
R00005,2,1,CLONE_INTERVAL,T2,t2_change_int_literal,143,150,144,151
R00005,3,1,MUTATION,T2,t2_change_int_literal,143,143,144,144
R00005,4,-1,UNTOUCHED,T1,none,5,7,5,7
R00005,5,-1,UNTOUCHED,T1,none,15,28,16,29
R00005,6,-1,UNTOUCHED,T1,none,139,142,140,143
R00005,7,-1,UNTOUCHED,T1,none,151,153,152,154
R00006,0,0,CLONE_INTERVAL,T3,t3_insert_statement,8,13,8,14
R00006,1,0,MUTATION,T3,t3_insert_statement,,,12,12
R00006,2,1,CLONE_INTERVAL,T1,t1_add_eol_comment,21,26,22,27
R00006,3,1,MUTATION,T1,t1_add_eol_comment,22,22,23,23
R00006,4,-1,UNTOUCHED,T1,none,4,7,4,7
R00006,5,-1,UNTOUCHED,T1,none,14,20,15,21
R00006,6,-1,UNTOUCHED,T1,none,27,34,28,35
R00007,0,0,CLONE_INTERVAL,T2,t2_rename_local_x8,7,19,7,19
R00007,1,0,MUTATION,T2,t2_rename_local_x8,7,16,7,16
R00007,3,1,CLONE_INTERVAL,T2,t2_change_string_literal,70,84,70,84
R00007,4,1,MUTATION,T2,t2_change_string_literal,77,77,77,77
R00007,5,-1,UNTOUCHED,T1,none,4,6,4,6
R00007,6,-1,UNTOUCHED,T1,none,20,22,20,22
R00007,7,-1,UNTOUCHED,T1,none,62,69,62,69
R00007,8,-1,UNTOUCHED,T1,none,85,88,85,88
R00008,0,0,CLONE_INTERVAL,T2,t2_rename_local_x4,12,17,12,17
R00008,1,0,MUTATION,T2,t2_rename_local_x4,13,17,13,17
R00008,3,1,CLONE_INTERVAL,T3,t3_wrap_statement,21,27,21,29
R00008,4,1,MUTATION,T3,t3_wrap_statement,,,21,21
R00008,5,-1,UNTOUCHED,T1,none,7,11,7,11
R00008,6,-1,UNTOUCHED,T1,none,18,20,18,20
R00008,7,-1,UNTOUCHED,T1,none,28,31,30,33
R00009,0,0,CLONE_INTERVAL,T1,t1_reindent,11,24,11,24
R00009,1,0,MUTATION,T1,t1_reindent,11,24,11,24
R00009,2,1,CLONE_INTERVAL,T1,t1_reindent,32,41,32,41
R00009,3,1,MUTATION,T1,t1_reindent,32,41,32,41
R00009,5,-1,UNTOUCHED,T1,none,3,10,3,10
R00009,6,-1,UNTOUCHED,T1,none,25,31,25,31
R00009,7,-1,UNTOUCHED,T1,none,42,48,42,48
R00010,0,0,CLONE_INTERVAL,T1,t1_reindent,24,29,24,29
R00010,1,0,MUTATION,T1,t1_reindent,24,29,24,29
R00010,2,1,CLONE_INTERVAL,T1,t1_add_eol_comment,75,80,75,80
R00010,3,1,MUTATION,T1,t1_add_eol_comment,76,76,76,76
R00010,4,-1,UNTOUCHED,T1,none,9,23,9,23
R00010,5,-1,UNTOUCHED,T1,none,30,37,30,37
R00010,6,-1,UNTOUCHED,T1,none,72,74,72,74
R00010,7,-1,UNTOUCHED,T1,none,81,88,81,88
R00011,0,0,CLONE_INTERVAL,T3,t3_delete_statement,36,42,36,41
R00011,1,0,MUTATION,T3,t3_delete_statement,42,42,,
R00011,2,1,CLONE_INTERVAL,T1,t1_add_eol_comment,124,129,123,128
R00011,3,1,MUTATION,T1,t1_add_eol_comment,125,125,124,124
R00011,4,-1,UNTOUCHED,T1,none,28,35,28,35
R00011,5,-1,UNTOUCHED,T1,none,43,47,42,46
R00011,6,-1,UNTOUCHED,T1,none,117,123,116,122
R00011,7,-1,UNTOUCHED,T1,none,130,132,129,131
R00012,0,0,CLONE_INTERVAL,T3,t3_insert_statement,6,11,6,12
R00012,1,0,MUTATION,T3,t3_insert_statement,,,7,7
R00012,2,1,CLONE_INTERVAL,T1,t1_add_eol_comment,15,24,16,25
R00012,3,1,MUTATION,T1,t1_add_eol_comment,17,17,18,18
R00012,4,-1,UNTOUCHED,T1,none,3,5,3,5
R00012,5,-1,UNTOUCHED,T1,none,12,14,13,15
R00012,6,-1,UNTOUCHED,T1,none,25,27,26,28
R00013,0,0,CLONE_INTERVAL,T1,t1_add_eol_comment,6,11,6,11
R00013,1,0,MUTATION,T1,t1_add_eol_comment,8,8,8,8
R00013,2,1,CLONE_INTERVAL,T2,t2_rename_local_x4,43,50,43,50
R00013,3,1,MUTATION,T2,t2_rename_local_x4,43,46,43,46
R00013,3,1,MUTATION,T2,t2_rename_local_x4,48,49,48,49
R00013,5,-1,UNTOUCHED,T1,none,3,5,3,5
R00013,6,-1,UNTOUCHED,T1,none,12,14,12,14
R00013,7,-1,UNTOUCHED,T1,none,40,42,40,42
R00013,8,-1,UNTOUCHED,T1,none,51,56,51,56
R00014,0,0,CLONE_INTERVAL,T2,t2_change_int_literal,47,53,47,53
R00014,1,0,MUTATION,T2,t2_change_int_literal,48,48,48,48
R00014,2,1,CLONE_INTERVAL,T2,t2_change_string_literal,57,63,57,63
R00014,3,1,MUTATION,T2,t2_change_string_literal,57,57,57,57
R00014,4,-1,UNTOUCHED,T1,none,4,46,4,46
R00014,5,-1,UNTOUCHED,T1,none,54,56,54,56
R00014,6,-1,UNTOUCHED,T1,none,64,74,64,74
R00015,0,0,CLONE_INTERVAL,T3,t3_delete_statement,14,46,14,45
R00015,1,0,MUTATION,T3,t3_delete_statement,17,17,,
R00015,2,1,CLONE_INTERVAL,T3,t3_insert_statement,52,57,51,57
R00015,3,1,MUTATION,T3,t3_insert_statement,,,54,54
R00015,4,-1,UNTOUCHED,T1,none,3,13,3,13
R00015,5,-1,UNTOUCHED,T1,none,47,51,46,50
R00015,6,-1,UNTOUCHED,T1,none,58,60,58,60
R00016,0,0,CLONE_INTERVAL,T1,t1_add_blank_line,7,12,7,13
R00016,1,0,MUTATION,T1,t1_add_blank_line,,,12,12
R00016,2,1,CLONE_INTERVAL,T3,t3_delete_statement,16,24,17,24
R00016,3,1,MUTATION,T3,t3_delete_statement,16,16,,
R00016,4,-1,UNTOUCHED,T1,none,3,6,3,6
R00016,5,-1,UNTOUCHED,T1,none,13,15,14,16
R00016,6,-1,UNTOUCHED,T1,none,25,30,25,30
R00017,0,0,CLONE_INTERVAL,T1,t1_add_block_comment,24,29,24,30
R00017,1,0,MUTATION,T1,t1_add_block_comment,,,27,27
R00017,2,1,CLONE_INTERVAL,T2,t2_change_int_literal,41,46,42,47
R00017,3,1,MUTATION,T2,t2_change_int_literal,41,41,42,42
R00017,4,-1,UNTOUCHED,T1,none,21,23,21,23
R00017,5,-1,UNTOUCHED,T1,none,30,32,31,33
R00017,6,-1,UNTOUCHED,T1,none,34,40,35,41
R00017,7,-1,UNTOUCHED,T1,none,47,50,48,51
R00018,0,0,CLONE_INTERVAL,T3,t3_wrap_statement,6,13,6,15
R00018,1,0,MUTATION,T3,t3_wrap_statement,,,9,9
R00018,2,1,CLONE_INTERVAL,T2,t2_rename_local_x1,21,30,23,32
R00018,3,1,MUTATION,T2,t2_rename_local_x1,21,21,23,23
R00018,3,1,MUTATION,T2,t2_rename_local_x1,30,30,32,32
R00018,5,-1,UNTOUCHED,T1,none,3,5,3,5
R00018,6,-1,UNTOUCHED,T1,none,14,20,16,22
R00018,7,-1,UNTOUCHED,T1,none,31,34,33,36
R00019,0,0,CLONE_INTERVAL,T1,t1_add_block_comment,8,13,8,14
R00019,1,0,MUTATION,T1,t1_add_block_comment,,,12,12
R00019,2,1,CLONE_INTERVAL,T3,t3_delete_statement,32,37,33,37
R00019,3,1,MUTATION,T3,t3_delete_statement,34,34,,
R00019,4,-1,UNTOUCHED,T1,none,5,7,5,7
R00019,5,-1,UNTOUCHED,T1,none,14,18,15,19
R00019,6,-1,UNTOUCHED,T1,none,25,31,26,32
R00019,7,-1,UNTOUCHED,T1,none,38,40,38,40
R00020,0,0,CLONE_INTERVAL,T3,t3_insert_statement,6,12,6,13
R00020,1,0,MUTATION,T3,t3_insert_statement,,,7,7
R00020,2,1,CLONE_INTERVAL,T3,t3_delete_statement,34,41,35,41
R00020,3,1,MUTATION,T3,t3_delete_statement,35,35,,
R00020,4,-1,UNTOUCHED,T1,none,3,5,3,5
R00020,5,-1,UNTOUCHED,T1,none,13,15,14,16
R00020,6,-1,UNTOUCHED,T1,none,30,33,31,34
R00020,7,-1,UNTOUCHED,T1,none,42,45,42,45
R00021,0,0,CLONE_INTERVAL,T2,t2_rename_local_x7,10,31,10,31
R00021,1,0,MUTATION,T2,t2_rename_local_x7,10,30,10,30
R00021,6,1,CLONE_INTERVAL,T2,t2_change_string_literal,38,44,38,44
R00021,7,1,MUTATION,T2,t2_change_string_literal,38,38,38,38
R00021,8,-1,UNTOUCHED,T1,none,3,9,3,9
R00021,9,-1,UNTOUCHED,T1,none,32,37,32,37
R00021,10,-1,UNTOUCHED,T1,none,45,59,45,59
R00022,0,0,CLONE_INTERVAL,T1,t1_add_blank_line,10,17,10,18
R00022,1,0,MUTATION,T1,t1_add_blank_line,,,12,12
R00022,2,1,CLONE_INTERVAL,T1,t1_add_blank_line,104,111,105,113
R00022,3,1,MUTATION,T1,t1_add_blank_line,,,112,112
R00022,4,-1,UNTOUCHED,T1,none,5,9,5,9
R00022,5,-1,UNTOUCHED,T1,none,18,29,19,30
R00022,6,-1,UNTOUCHED,T1,none,98,103,99,104
R00022,7,-1,UNTOUCHED,T1,none,112,123,114,125
R00023,0,0,CLONE_INTERVAL,T2,t2_change_string_literal,28,33,28,33
R00023,1,0,MUTATION,T2,t2_change_string_literal,28,28,28,28
R00023,2,1,CLONE_INTERVAL,T2,t2_change_string_literal,38,43,38,43
R00023,3,1,MUTATION,T2,t2_change_string_literal,38,38,38,38
R00023,4,-1,UNTOUCHED,T1,none,24,27,24,27
R00023,5,-1,UNTOUCHED,T1,none,34,37,34,37
R00023,6,-1,UNTOUCHED,T1,none,44,53,44,53
R00024,0,0,CLONE_INTERVAL,T1,t1_add_eol_comment,160,165,160,165
R00024,1,0,MUTATION,T1,t1_add_eol_comment,161,161,161,161
R00024,2,1,CLONE_INTERVAL,T3,t3_wrap_statement,179,184,179,186
R00024,3,1,MUTATION,T3,t3_wrap_statement,,,181,181
R00024,4,-1,UNTOUCHED,T1,none,157,159,157,159
R00024,5,-1,UNTOUCHED,T1,none,166,174,166,174
R00024,6,-1,UNTOUCHED,T1,none,176,178,176,178
R00024,7,-1,UNTOUCHED,T1,none,185,193,187,195
R00025,0,0,CLONE_INTERVAL,T2,t2_change_int_literal,17,40,17,40
R00025,1,0,MUTATION,T2,t2_change_int_literal,17,17,17,17
R00025,2,1,CLONE_INTERVAL,T3,t3_insert_statement,104,109,104,109
R00025,3,1,MUTATION,T3,t3_insert_statement,,,110,110
R00025,4,-1,UNTOUCHED,T1,none,11,16,11,16
R00025,5,-1,UNTOUCHED,T1,none,41,43,41,43
R00025,6,-1,UNTOUCHED,T1,none,101,103,101,103
R00025,7,-1,UNTOUCHED,T1,none,110,124,111,125
R00026,0,0,CLONE_INTERVAL,T2,t2_rename_local_x5,10,40,10,40
R00026,1,0,MUTATION,T2,t2_rename_local_x5,10,33,10,33
R00026,5,1,CLONE_INTERVAL,T1,t1_add_blank_line,148,158,148,159
R00026,6,1,MUTATION,T1,t1_add_blank_line,,,157,157
R00026,7,-1,UNTOUCHED,T1,none,4,9,4,9
R00026,8,-1,UNTOUCHED,T1,none,41,43,41,43
R00026,9,-1,UNTOUCHED,T1,none,137,147,137,147
R00026,10,-1,UNTOUCHED,T1,none,159,175,160,176
R00027,0,0,CLONE_INTERVAL,T2,t2_change_string_literal,8,13,8,13
R00027,1,0,MUTATION,T2,t2_change_string_literal,8,8,8,8
R00027,2,1,CLONE_INTERVAL,T2,t2_change_string_literal,29,34,29,34
R00027,3,1,MUTATION,T2,t2_change_string_literal,31,31,31,31
R00027,4,-1,UNTOUCHED,T1,none,5,7,5,7
R00027,5,-1,UNTOUCHED,T1,none,14,28,14,28
R00027,6,-1,UNTOUCHED,T1,none,35,37,35,37
R00028,0,0,CLONE_INTERVAL,T2,t2_change_int_literal,12,17,12,17
R00028,1,0,MUTATION,T2,t2_change_int_literal,15,15,15,15
R00028,2,1,CLONE_INTERVAL,T2,t2_change_int_literal,24,29,24,29
R00028,3,1,MUTATION,T2,t2_change_int_literal,24,24,24,24
R00028,4,-1,UNTOUCHED,T1,none,9,11,9,11
R00028,5,-1,UNTOUCHED,T1,none,18,23,18,23
R00028,6,-1,UNTOUCHED,T1,none,30,47,30,47
R00029,0,0,CLONE_INTERVAL,T3,t3_insert_statement,8,13,8,14
R00029,1,0,MUTATION,T3,t3_insert_statement,,,9,9
R00029,2,1,CLONE_INTERVAL,T1,t1_reindent,18,23,19,24
R00029,3,1,MUTATION,T1,t1_reindent,18,23,19,24
R00029,4,-1,UNTOUCHED,T1,none,5,7,5,7
R00029,5,-1,UNTOUCHED,T1,none,14,17,15,18
R00029,6,-1,UNTOUCHED,T1,none,24,57,25,58
R00030,0,0,CLONE_INTERVAL,T1,t1_add_eol_comment,17,48,17,48
R00030,1,0,MUTATION,T1,t1_add_eol_comment,27,27,27,27
R00030,2,1,CLONE_INTERVAL,T3,t3_delete_statement,52,57,52,56
R00030,3,1,MUTATION,T3,t3_delete_statement,54,54,,
R00030,4,-1,UNTOUCHED,T1,none,11,16,11,16
R00030,5,-1,UNTOUCHED,T1,none,49,51,49,51
R00030,6,-1,UNTOUCHED,T1,none,58,60,57,59
R00031,0,0,CLONE_INTERVAL,T1,t1_add_eol_comment,8,14,8,14
R00031,1,0,MUTATION,T1,t1_add_eol_comment,12,12,12,12
R00031,2,1,CLONE_INTERVAL,T1,t1_add_block_comment,52,58,52,59
R00031,3,1,MUTATION,T1,t1_add_block_comment,,,58,58
R00031,4,-1,UNTOUCHED,T1,none,4,7,4,7
R00031,5,-1,UNTOUCHED,T1,none,15,17,15,17
R00031,6,-1,UNTOUCHED,T1,none,47,51,47,51
R00031,7,-1,UNTOUCHED,T1,none,59,73,60,74
R00032,0,0,CLONE_INTERVAL,T1,t1_add_eol_comment,190,195,190,195
R00032,1,0,MUTATION,T1,t1_add_eol_comment,190,190,190,190
R00032,2,1,CLONE_INTERVAL,T3,t3_insert_statement,204,213,204,214
R00032,3,1,MUTATION,T3,t3_insert_statement,,,207,207
R00032,4,-1,UNTOUCHED,T1,none,186,189,186,189
R00032,5,-1,UNTOUCHED,T1,none,196,203,196,203
R00032,6,-1,UNTOUCHED,T1,none,214,217,215,218
R00033,0,0,CLONE_INTERVAL,T2,t2_change_int_literal,12,17,12,17
R00033,1,0,MUTATION,T2,t2_change_int_literal,12,12,12,12
R00033,2,1,CLONE_INTERVAL,T1,t1_add_block_comment,60,66,60,67
R00033,3,1,MUTATION,T1,t1_add_block_comment,,,62,62
R00033,4,-1,UNTOUCHED,T1,none,8,11,8,11
R00033,5,-1,UNTOUCHED,T1,none,18,31,18,31
R00033,6,-1,UNTOUCHED,T1,none,54,59,54,59
R00033,7,-1,UNTOUCHED,T1,none,67,70,68,71
R00034,0,0,CLONE_INTERVAL,T3,t3_delete_statement,10,15,10,14
R00034,1,0,MUTATION,T3,t3_delete_statement,14,14,,
R00034,2,1,CLONE_INTERVAL,T1,t1_reindent,31,36,30,35
R00034,3,1,MUTATION,T1,t1_reindent,31,36,30,35
R00034,5,-1,UNTOUCHED,T1,none,7,9,7,9
R00034,6,-1,UNTOUCHED,T1,none,16,30,15,29
R00034,7,-1,UNTOUCHED,T1,none,37,39,36,38
R00035,0,0,CLONE_INTERVAL,T1,t1_add_eol_comment,8,13,8,13
R00035,1,0,MUTATION,T1,t1_add_eol_comment,9,9,9,9
R00035,2,1,CLONE_INTERVAL,T3,t3_insert_statement,89,95,89,96
R00035,3,1,MUTATION,T3,t3_insert_statement,,,93,93
R00035,4,-1,UNTOUCHED,T1,none,5,7,5,7
R00035,5,-1,UNTOUCHED,T1,none,14,17,14,17
R00035,6,-1,UNTOUCHED,T1,none,82,88,82,88
R00035,7,-1,UNTOUCHED,T1,none,96,107,97,108
R00036,0,0,CLONE_INTERVAL,T3,t3_insert_statement,196,201,196,202
R00036,1,0,MUTATION,T3,t3_insert_statement,,,200,200
R00036,2,1,CLONE_INTERVAL,T1,t1_add_eol_comment,254,260,255,261
R00036,3,1,MUTATION,T1,t1_add_eol_comment,255,255,256,256
R00036,4,-1,UNTOUCHED,T1,none,193,195,193,195
R00036,5,-1,UNTOUCHED,T1,none,202,210,203,211
R00036,6,-1,UNTOUCHED,T1,none,247,253,248,254
R00036,7,-1,UNTOUCHED,T1,none,261,270,262,271
R00037,0,0,CLONE_INTERVAL,T2,t2_change_string_literal,14,24,14,24
R00037,1,0,MUTATION,T2,t2_change_string_literal,20,20,20,20
R00037,2,1,CLONE_INTERVAL,T1,t1_add_eol_comment,55,60,55,60
R00037,3,1,MUTATION,T1,t1_add_eol_comment,56,56,56,56
R00037,4,-1,UNTOUCHED,T1,none,8,13,8,13
R00037,5,-1,UNTOUCHED,T1,none,25,54,25,54
R00037,6,-1,UNTOUCHED,T1,none,61,73,61,73
R00038,0,0,CLONE_INTERVAL,T2,t2_change_string_literal,11,16,11,16
R00038,1,0,MUTATION,T2,t2_change_string_literal,11,11,11,11
R00038,2,1,CLONE_INTERVAL,T2,t2_change_string_literal,20,27,20,27
R00038,3,1,MUTATION,T2,t2_change_string_literal,24,24,24,24
R00038,4,-1,UNTOUCHED,T1,none,4,10,4,10
R00038,5,-1,UNTOUCHED,T1,none,17,19,17,19
R00038,6,-1,UNTOUCHED,T1,none,28,30,28,30
R00039,0,0,CLONE_INTERVAL,T2,t2_rename_local_x1,8,14,8,14
R00039,1,0,MUTATION,T2,t2_rename_local_x1,8,14,8,14
R00039,5,1,CLONE_INTERVAL,T1,t1_reindent,19,30,19,30
R00039,6,1,MUTATION,T1,t1_reindent,19,30,19,30
R00039,7,-1,UNTOUCHED,T1,none,5,7,5,7
R00039,8,-1,UNTOUCHED,T1,none,15,18,15,18
R00039,9,-1,UNTOUCHED,T1,none,31,33,31,33
R00040,0,0,CLONE_INTERVAL,T3,t3_insert_statement,29,34,29,35
R00040,1,0,MUTATION,T3,t3_insert_statement,,,31,31
R00040,2,1,CLONE_INTERVAL,T2,t2_change_int_literal,95,100,96,101
R00040,3,1,MUTATION,T2,t2_change_int_literal,95,95,96,96
R00040,4,-1,UNTOUCHED,T1,none,26,28,26,28
R00040,5,-1,UNTOUCHED,T1,none,35,42,36,43
R00040,6,-1,UNTOUCHED,T1,none,90,94,91,95
R00040,7,-1,UNTOUCHED,T1,none,101,110,102,111
R00041,0,0,CLONE_INTERVAL,T2,t2_change_int_literal,6,13,6,13
R00041,1,0,MUTATION,T2,t2_change_int_literal,7,7,7,7
R00041,2,1,CLONE_INTERVAL,T1,t1_reindent,17,25,17,25
R00041,3,1,MUTATION,T1,t1_reindent,17,25,17,25
R00041,4,-1,UNTOUCHED,T1,none,3,5,3,5
R00041,5,-1,UNTOUCHED,T1,none,14,16,14,16
R00041,6,-1,UNTOUCHED,T1,none,26,31,26,31
R00042,0,0,CLONE_INTERVAL,T2,t2_change_string_literal,14,19,14,19
R00042,1,0,MUTATION,T2,t2_change_string_literal,16,16,16,16
R00042,2,1,CLONE_INTERVAL,T1,t1_add_block_comment,25,30,25,31
R00042,3,1,MUTATION,T1,t1_add_block_comment,,,30,30
R00042,4,-1,UNTOUCHED,T1,none,5,13,5,13
R00042,5,-1,UNTOUCHED,T1,none,20,24,20,24
R00042,6,-1,UNTOUCHED,T1,none,31,35,32,36
R00043,0,0,CLONE_INTERVAL,T1,t1_add_eol_comment,27,32,27,32
R00043,1,0,MUTATION,T1,t1_add_eol_comment,30,30,30,30
R00043,2,1,CLONE_INTERVAL,T2,t2_rename_local_x1,111,119,111,119
R00043,3,1,MUTATION,T2,t2_rename_local_x1,113,115,113,115
R00043,3,1,MUTATION,T2,t2_rename_local_x1,117,117,117,117
R00043,5,-1,UNTOUCHED,T1,none,18,26,18,26
R00043,6,-1,UNTOUCHED,T1,none,33,37,33,37
R00043,7,-1,UNTOUCHED,T1,none,107,110,107,110
R00043,8,-1,UNTOUCHED,T1,none,120,122,120,122
R00044,0,0,CLONE_INTERVAL,T3,t3_wrap_statement,9,14,9,16
R00044,1,0,MUTATION,T3,t3_wrap_statement,,,9,9
R00044,2,1,CLONE_INTERVAL,T1,t1_add_eol_comment,77,82,79,84
R00044,3,1,MUTATION,T1,t1_add_eol_comment,80,80,82,82
R00044,4,-1,UNTOUCHED,T1,none,4,8,4,8
R00044,5,-1,UNTOUCHED,T1,none,15,22,17,24
R00044,6,-1,UNTOUCHED,T1,none,71,76,73,78
R00044,7,-1,UNTOUCHED,T1,none,83,85,85,87
R00045,0,0,CLONE_INTERVAL,T2,t2_rename_local_x1,8,14,8,14
R00045,1,0,MUTATION,T2,t2_rename_local_x1,8,12,8,12
R00045,3,1,CLONE_INTERVAL,T1,t1_add_eol_comment,23,30,23,30
R00045,4,1,MUTATION,T1,t1_add_eol_comment,28,28,28,28
R00045,5,-1,UNTOUCHED,T1,none,3,7,3,7
R00045,6,-1,UNTOUCHED,T1,none,15,22,15,22
R00045,7,-1,UNTOUCHED,T1,none,31,45,31,45
R00046,0,0,CLONE_INTERVAL,T3,t3_wrap_statement,32,37,32,39
R00046,1,0,MUTATION,T3,t3_wrap_statement,,,35,35
R00046,2,1,CLONE_INTERVAL,T3,t3_insert_statement,47,52,49,55
R00046,3,1,MUTATION,T3,t3_insert_statement,,,53,53
R00046,4,-1,UNTOUCHED,T1,none,21,31,21,31
R00046,5,-1,UNTOUCHED,T1,none,38,46,40,48
R00046,6,-1,UNTOUCHED,T1,none,53,60,56,63
R00047,0,0,CLONE_INTERVAL,T1,t1_add_block_comment,17,22,17,23
R00047,1,0,MUTATION,T1,t1_add_block_comment,,,21,21
R00047,2,1,CLONE_INTERVAL,T1,t1_add_block_comment,29,37,30,39
R00047,3,1,MUTATION,T1,t1_add_block_comment,,,37,37
R00047,4,-1,UNTOUCHED,T1,none,12,16,12,16
R00047,5,-1,UNTOUCHED,T1,none,23,28,24,29
R00047,6,-1,UNTOUCHED,T1,none,38,45,40,47
R00048,0,0,CLONE_INTERVAL,T1,t1_add_eol_comment,12,19,12,19
R00048,1,0,MUTATION,T1,t1_add_eol_comment,17,17,17,17
R00048,2,1,CLONE_INTERVAL,T2,t2_rename_local_x1,29,37,29,37
R00048,3,1,MUTATION,T2,t2_rename_local_x1,30,30,30,30
R00048,3,1,MUTATION,T2,t2_rename_local_x1,32,32,32,32
R00048,3,1,MUTATION,T2,t2_rename_local_x1,34,34,34,34
R00048,3,1,MUTATION,T2,t2_rename_local_x1,36,36,36,36
R00048,7,-1,UNTOUCHED,T1,none,7,11,7,11
R00048,8,-1,UNTOUCHED,T1,none,20,28,20,28
R00048,9,-1,UNTOUCHED,T1,none,38,40,38,40
R00049,0,0,CLONE_INTERVAL,T1,t1_reindent,42,47,42,47
R00049,1,0,MUTATION,T1,t1_reindent,42,47,42,47
R00049,2,1,CLONE_INTERVAL,T3,t3_delete_statement,200,206,200,205
R00049,3,1,MUTATION,T3,t3_delete_statement,204,204,,
R00049,4,-1,UNTOUCHED,T1,none,37,41,37,41
R00049,5,-1,UNTOUCHED,T1,none,48,57,48,57
R00049,6,-1,UNTOUCHED,T1,none,196,199,196,199
R00049,7,-1,UNTOUCHED,T1,none,207,211,206,210
R00050,0,0,CLONE_INTERVAL,T1,t1_add_block_comment,9,14,9,15
R00050,1,0,MUTATION,T1,t1_add_block_comment,,,10,10
R00050,2,1,CLONE_INTERVAL,T2,t2_change_int_literal,28,38,29,39
R00050,3,1,MUTATION,T2,t2_change_int_literal,28,28,29,29
R00050,4,-1,UNTOUCHED,T1,none,4,8,4,8
R00050,5,-1,UNTOUCHED,T1,none,15,27,16,28
R00050,6,-1,UNTOUCHED,T1,none,39,41,40,42
R00051,0,0,CLONE_INTERVAL,T2,t2_change_string_literal,9,26,9,26
R00051,1,0,MUTATION,T2,t2_change_string_literal,11,11,11,11
R00051,2,1,CLONE_INTERVAL,T3,t3_wrap_statement,32,39,32,41
R00051,3,1,MUTATION,T3,t3_wrap_statement,,,32,32
R00051,4,-1,UNTOUCHED,T1,none,3,8,3,8
R00051,5,-1,UNTOUCHED,T1,none,27,31,27,31
R00051,6,-1,UNTOUCHED,T1,none,40,47,42,49
R00052,0,0,CLONE_INTERVAL,T2,t2_rename_local_x1,8,13,8,13
R00052,1,0,MUTATION,T2,t2_rename_local_x1,20,22,20,22
R00052,1,0,MUTATION,T2,t2_rename_local_x1,24,26,24,26
R00052,3,1,CLONE_INTERVAL,T1,t1_reindent,20,26,20,26
R00052,4,1,MUTATION,T1,t1_reindent,20,26,20,26
R00052,6,-1,UNTOUCHED,T1,none,3,7,3,7
R00052,7,-1,UNTOUCHED,T1,none,14,19,14,19
R00052,8,-1,UNTOUCHED,T1,none,27,34,27,34
R00053,0,0,CLONE_INTERVAL,T1,t1_add_blank_line,8,17,8,18
R00053,1,0,MUTATION,T1,t1_add_blank_line,,,12,12
R00053,2,1,CLONE_INTERVAL,T1,t1_add_block_comment,145,152,146,154
R00053,3,1,MUTATION,T1,t1_add_block_comment,,,151,151
R00053,4,-1,UNTOUCHED,T1,none,5,7,5,7
R00053,5,-1,UNTOUCHED,T1,none,18,20,19,21
R00053,6,-1,UNTOUCHED,T1,none,139,144,140,145
R00053,7,-1,UNTOUCHED,T1,none,153,164,155,166
R00054,0,0,CLONE_INTERVAL,T2,t2_change_int_literal,28,37,28,37
R00054,1,0,MUTATION,T2,t2_change_int_literal,28,28,28,28
R00054,2,1,CLONE_INTERVAL,T1,t1_add_blank_line,82,87,82,88
R00054,3,1,MUTATION,T1,t1_add_blank_line,,,87,87
R00054,4,-1,UNTOUCHED,T1,none,24,27,24,27
R00054,5,-1,UNTOUCHED,T1,none,38,43,38,43
R00054,6,-1,UNTOUCHED,T1,none,77,81,77,81
R00054,7,-1,UNTOUCHED,T1,none,88,97,89,98
R00055,0,0,CLONE_INTERVAL,T3,t3_insert_statement,61,66,61,66
R00055,1,0,MUTATION,T3,t3_insert_statement,,,67,67
R00055,2,1,CLONE_INTERVAL,T1,t1_add_blank_line,80,85,81,87
R00055,3,1,MUTATION,T1,t1_add_blank_line,,,84,84
R00055,4,-1,UNTOUCHED,T1,none,56,60,56,60
R00055,5,-1,UNTOUCHED,T1,none,67,73,68,74
R00055,6,-1,UNTOUCHED,T1,none,75,79,76,80
R00055,7,-1,UNTOUCHED,T1,none,86,92,88,94
R00056,0,0,CLONE_INTERVAL,T1,t1_add_blank_line,14,19,14,20
R00056,1,0,MUTATION,T1,t1_add_blank_line,,,19,19
R00056,2,1,CLONE_INTERVAL,T1,t1_add_eol_comment,29,34,30,35
R00056,3,1,MUTATION,T1,t1_add_eol_comment,30,30,31,31
R00056,4,-1,UNTOUCHED,T1,none,11,13,11,13
R00056,5,-1,UNTOUCHED,T1,none,20,28,21,29
R00056,6,-1,UNTOUCHED,T1,none,35,52,36,53
R00057,0,0,CLONE_INTERVAL,T1,t1_reindent,18,24,18,24
R00057,1,0,MUTATION,T1,t1_reindent,18,24,18,24
R00057,3,1,CLONE_INTERVAL,T1,t1_reindent,31,37,31,37
R00057,4,1,MUTATION,T1,t1_reindent,31,37,31,37
R00057,6,-1,UNTOUCHED,T1,none,14,17,14,17
R00057,7,-1,UNTOUCHED,T1,none,25,30,25,30
R00057,8,-1,UNTOUCHED,T1,none,38,40,38,40
R00058,0,0,CLONE_INTERVAL,T3,t3_delete_statement,8,13,8,12
R00058,1,0,MUTATION,T3,t3_delete_statement,11,11,,
R00058,2,1,CLONE_INTERVAL,T2,t2_rename_local_x2,20,26,19,25
R00058,3,1,MUTATION,T2,t2_rename_local_x2,21,23,20,22
R00058,4,-1,UNTOUCHED,T1,none,5,7,5,7
R00058,5,-1,UNTOUCHED,T1,none,14,19,13,18
R00058,6,-1,UNTOUCHED,T1,none,27,32,26,31
R00059,0,0,CLONE_INTERVAL,T3,t3_wrap_statement,26,32,25,34
R00059,1,0,MUTATION,T3,t3_wrap_statement,,,30,30
R00059,2,1,CLONE_INTERVAL,T1,t1_add_blank_line,36,42,37,44
R00059,3,1,MUTATION,T1,t1_add_blank_line,,,43,43
R00059,4,-1,UNTOUCHED,T1,none,20,25,19,24
R00059,5,-1,UNTOUCHED,T1,none,34,35,35,36
R00059,6,-1,UNTOUCHED,T1,none,43,51,45,53
R00060,0,0,CLONE_INTERVAL,T1,t1_add_blank_line,6,11,6,12
R00060,1,0,MUTATION,T1,t1_add_blank_line,,,8,8
R00060,2,1,CLONE_INTERVAL,T1,t1_add_eol_comment,15,21,16,22
R00060,3,1,MUTATION,T1,t1_add_eol_comment,19,19,20,20
R00060,4,-1,UNTOUCHED,T1,none,3,5,3,5
R00060,5,-1,UNTOUCHED,T1,none,12,14,13,15
R00060,6,-1,UNTOUCHED,T1,none,22,35,23,36
R00061,0,0,CLONE_INTERVAL,T3,t3_delete_statement,17,22,17,21
R00061,1,0,MUTATION,T3,t3_delete_statement,18,18,,
R00061,2,1,CLONE_INTERVAL,T3,t3_insert_statement,31,39,30,38
R00061,3,1,MUTATION,T3,t3_insert_statement,,,39,39
R00061,4,-1,UNTOUCHED,T1,none,10,16,10,16
R00061,5,-1,UNTOUCHED,T1,none,23,30,22,29
R00061,6,-1,UNTOUCHED,T1,none,40,46,40,46
R00062,0,0,CLONE_INTERVAL,T2,t2_change_int_literal,33,38,33,38
R00062,1,0,MUTATION,T2,t2_change_int_literal,33,33,33,33
R00062,2,1,CLONE_INTERVAL,T3,t3_insert_statement,101,108,101,109
R00062,3,1,MUTATION,T3,t3_insert_statement,,,102,102
R00062,4,-1,UNTOUCHED,T1,none,25,32,25,32
R00062,5,-1,UNTOUCHED,T1,none,39,43,39,43
R00062,6,-1,UNTOUCHED,T1,none,95,100,95,100
R00062,7,-1,UNTOUCHED,T1,none,109,120,110,121
R00063,0,0,CLONE_INTERVAL,T1,t1_add_eol_comment,49,55,49,55
R00063,1,0,MUTATION,T1,t1_add_eol_comment,55,55,55,55
R00063,2,1,CLONE_INTERVAL,T3,t3_insert_statement,92,99,92,100
R00063,3,1,MUTATION,T3,t3_insert_statement,,,95,95
R00063,4,-1,UNTOUCHED,T1,none,43,48,43,48
R00063,5,-1,UNTOUCHED,T1,none,56,60,56,60
R00063,6,-1,UNTOUCHED,T1,none,81,91,81,91
R00063,7,-1,UNTOUCHED,T1,none,100,104,101,105
R00064,0,0,CLONE_INTERVAL,T1,t1_reindent,10,19,10,19
R00064,1,0,MUTATION,T1,t1_reindent,10,19,10,19
R00064,2,1,CLONE_INTERVAL,T1,t1_add_block_comment,25,30,25,31
R00064,3,1,MUTATION,T1,t1_add_block_comment,,,29,29
R00064,4,-1,UNTOUCHED,T1,none,3,9,3,9
R00064,5,-1,UNTOUCHED,T1,none,20,24,20,24
R00064,6,-1,UNTOUCHED,T1,none,31,33,32,34
R00065,0,0,CLONE_INTERVAL,T3,t3_delete_statement,9,15,9,9
R00065,1,0,MUTATION,T3,t3_delete_statement,10,15,,
R00065,2,1,CLONE_INTERVAL,T3,t3_wrap_statement,29,36,23,32
R00065,3,1,MUTATION,T3,t3_wrap_statement,,,24,24
R00065,4,-1,UNTOUCHED,T1,none,3,8,3,8
R00065,5,-1,UNTOUCHED,T1,none,16,28,10,22
R00065,6,-1,UNTOUCHED,T1,none,37,42,33,38
R00066,0,0,CLONE_INTERVAL,T3,t3_insert_statement,7,17,7,18
R00066,1,0,MUTATION,T3,t3_insert_statement,,,9,9
R00066,2,1,CLONE_INTERVAL,T2,t2_rename_local_x1,22,27,23,28
R00066,3,1,MUTATION,T2,t2_rename_local_x1,23,25,24,26
R00066,4,-1,UNTOUCHED,T1,none,3,6,3,6
R00066,5,-1,UNTOUCHED,T1,none,18,21,19,22
R00066,6,-1,UNTOUCHED,T1,none,28,43,29,44
R00067,0,0,CLONE_INTERVAL,T2,t2_change_string_literal,9,19,9,19
R00067,1,0,MUTATION,T2,t2_change_string_literal,15,15,15,15
R00067,2,1,CLONE_INTERVAL,T1,t1_add_eol_comment,27,35,27,35
R00067,3,1,MUTATION,T1,t1_add_eol_comment,32,32,32,32
R00067,4,-1,UNTOUCHED,T1,none,3,8,3,8
R00067,5,-1,UNTOUCHED,T1,none,20,26,20,26
R00067,6,-1,UNTOUCHED,T1,none,36,45,36,45
R00068,0,0,CLONE_INTERVAL,T1,t1_add_block_comment,98,105,98,106
R00068,1,0,MUTATION,T1,t1_add_block_comment,,,100,100
R00068,2,1,CLONE_INTERVAL,T1,t1_add_block_comment,121,129,122,131
R00068,3,1,MUTATION,T1,t1_add_block_comment,,,128,128
R00068,4,-1,UNTOUCHED,T1,none,93,97,93,97
R00068,5,-1,UNTOUCHED,T1,none,106,115,107,116
R00068,6,-1,UNTOUCHED,T1,none,117,120,118,121
R00068,7,-1,UNTOUCHED,T1,none,130,139,132,141
R00069,0,0,CLONE_INTERVAL,T2,t2_change_string_literal,14,19,14,19
R00069,1,0,MUTATION,T2,t2_change_string_literal,19,19,19,19
R00069,2,1,CLONE_INTERVAL,T1,t1_add_block_comment,121,126,121,127
R00069,3,1,MUTATION,T1,t1_add_block_comment,,,126,126
R00069,4,-1,UNTOUCHED,T1,none,10,13,10,13
R00069,5,-1,UNTOUCHED,T1,none,20,34,20,34
R00069,6,-1,UNTOUCHED,T1,none,118,120,118,120
R00069,7,-1,UNTOUCHED,T1,none,127,140,128,141
R00070,0,0,CLONE_INTERVAL,T3,t3_wrap_statement,9,14,9,16
R00070,1,0,MUTATION,T3,t3_wrap_statement,,,10,10
R00070,2,1,CLONE_INTERVAL,T2,t2_rename_local_x1,24,40,26,42
R00070,3,1,MUTATION,T2,t2_rename_local_x1,24,24,26,26
R00070,3,1,MUTATION,T2,t2_rename_local_x1,27,27,29,29
R00070,3,1,MUTATION,T2,t2_rename_local_x1,36,37,38,39
R00070,6,-1,UNTOUCHED,T1,none,6,8,6,8
R00070,7,-1,UNTOUCHED,T1,none,15,23,17,25
R00070,8,-1,UNTOUCHED,T1,none,41,68,43,70
R00071,0,0,CLONE_INTERVAL,T1,t1_reindent,7,15,7,15
R00071,1,0,MUTATION,T1,t1_reindent,7,15,7,15
R00071,2,1,CLONE_INTERVAL,T2,t2_change_string_literal,25,34,25,34
R00071,3,1,MUTATION,T2,t2_change_string_literal,31,31,31,31
R00071,4,-1,UNTOUCHED,T1,none,3,6,3,6
R00071,5,-1,UNTOUCHED,T1,none,16,24,16,24
R00071,6,-1,UNTOUCHED,T1,none,35,37,35,37
R00072,0,0,CLONE_INTERVAL,T3,t3_delete_statement,8,13,8,12
R00072,1,0,MUTATION,T3,t3_delete_statement,8,8,,
R00072,2,1,CLONE_INTERVAL,T3,t3_wrap_statement,22,27,21,28
R00072,3,1,MUTATION,T3,t3_wrap_statement,,,22,22
R00072,4,-1,UNTOUCHED,T1,none,3,7,3,7
R00072,5,-1,UNTOUCHED,T1,none,14,21,13,20
R00072,6,-1,UNTOUCHED,T1,none,28,46,29,47
R00073,0,0,CLONE_INTERVAL,T2,t2_rename_local_x1,6,14,6,14
R00073,1,0,MUTATION,T2,t2_rename_local_x1,7,7,7,7
R00073,2,1,CLONE_INTERVAL,T3,t3_delete_statement,20,25,20,24
R00073,3,1,MUTATION,T3,t3_delete_statement,25,25,,
R00073,4,-1,UNTOUCHED,T1,none,3,5,3,5
R00073,5,-1,UNTOUCHED,T1,none,15,19,15,19
R00073,6,-1,UNTOUCHED,T1,none,26,29,25,28
R00074,0,0,CLONE_INTERVAL,T1,t1_add_block_comment,23,28,23,29
R00074,1,0,MUTATION,T1,t1_add_block_comment,,,27,27
R00074,2,1,CLONE_INTERVAL,T1,t1_reindent,94,99,95,100
R00074,3,1,MUTATION,T1,t1_reindent,94,99,95,100
R00074,4,-1,UNTOUCHED,T1,none,12,22,12,22
R00074,5,-1,UNTOUCHED,T1,none,29,34,30,35
R00074,6,-1,UNTOUCHED,T1,none,91,93,92,94
R00074,7,-1,UNTOUCHED,T1,none,100,108,101,109
R00075,0,0,CLONE_INTERVAL,T2,t2_change_int_literal,74,79,74,79
R00075,1,0,MUTATION,T2,t2_change_int_literal,74,74,74,74
R00075,2,1,CLONE_INTERVAL,T2,t2_change_int_literal,96,101,96,101
R00075,3,1,MUTATION,T2,t2_change_int_literal,96,96,96,96
R00075,4,-1,UNTOUCHED,T1,none,69,73,69,73
R00075,5,-1,UNTOUCHED,T1,none,80,89,80,89
R00075,6,-1,UNTOUCHED,T1,none,91,95,91,95
R00075,7,-1,UNTOUCHED,T1,none,102,111,102,111
R00076,0,0,CLONE_INTERVAL,T2,t2_change_int_literal,6,11,6,11
R00076,1,0,MUTATION,T2,t2_change_int_literal,7,7,7,7
R00076,2,1,CLONE_INTERVAL,T1,t1_add_blank_line,19,25,19,26
R00076,3,1,MUTATION,T1,t1_add_blank_line,,,22,22
R00076,4,-1,UNTOUCHED,T1,none,3,5,3,5
R00076,5,-1,UNTOUCHED,T1,none,12,18,12,18
R00076,6,-1,UNTOUCHED,T1,none,26,40,27,41
R00077,0,0,CLONE_INTERVAL,T1,t1_reindent,7,14,7,14
R00077,1,0,MUTATION,T1,t1_reindent,7,14,7,14
R00077,2,1,CLONE_INTERVAL,T2,t2_change_int_literal,25,30,25,30
R00077,3,1,MUTATION,T2,t2_change_int_literal,25,25,25,25
R00077,4,-1,UNTOUCHED,T1,none,3,6,3,6
R00077,5,-1,UNTOUCHED,T1,none,15,24,15,24
R00077,6,-1,UNTOUCHED,T1,none,31,59,31,59
R00078,0,0,CLONE_INTERVAL,T2,t2_rename_local_x2,13,19,13,19
R00078,1,0,MUTATION,T2,t2_rename_local_x2,14,16,14,16
R00078,2,1,CLONE_INTERVAL,T1,t1_add_eol_comment,38,48,38,48
R00078,3,1,MUTATION,T1,t1_add_eol_comment,44,44,44,44
R00078,4,-1,UNTOUCHED,T1,none,3,12,3,12
R00078,5,-1,UNTOUCHED,T1,none,20,37,20,37
R00078,6,-1,UNTOUCHED,T1,none,49,51,49,51
R00079,0,0,CLONE_INTERVAL,T1,t1_add_blank_line,92,97,92,98
R00079,1,0,MUTATION,T1,t1_add_blank_line,,,96,96
R00079,2,1,CLONE_INTERVAL,T1,t1_add_block_comment,116,121,117,123
R00079,3,1,MUTATION,T1,t1_add_block_comment,,,122,122
R00079,4,-1,UNTOUCHED,T1,none,84,91,84,91
R00079,5,-1,UNTOUCHED,T1,none,98,106,99,107
R00079,6,-1,UNTOUCHED,T1,none,108,115,109,116
R00079,7,-1,UNTOUCHED,T1,none,122,130,124,132
R00080,0,0,CLONE_INTERVAL,T3,t3_insert_statement,6,13,6,14
R00080,1,0,MUTATION,T3,t3_insert_statement,,,7,7
R00080,2,1,CLONE_INTERVAL,T3,t3_wrap_statement,17,22,18,25
R00080,3,1,MUTATION,T3,t3_wrap_statement,,,19,19
R00080,4,-1,UNTOUCHED,T1,none,3,5,3,5
R00080,5,-1,UNTOUCHED,T1,none,14,16,15,17
R00080,6,-1,UNTOUCHED,T1,none,23,26,26,29
R00081,0,0,CLONE_INTERVAL,T2,t2_change_int_literal,7,12,7,12
R00081,1,0,MUTATION,T2,t2_change_int_literal,7,7,7,7
R00081,2,1,CLONE_INTERVAL,T2,t2_change_string_literal,34,39,34,39
R00081,3,1,MUTATION,T2,t2_change_string_literal,36,36,36,36
R00081,4,-1,UNTOUCHED,T1,none,3,6,3,6
R00081,5,-1,UNTOUCHED,T1,none,13,33,13,33
R00081,6,-1,UNTOUCHED,T1,none,40,45,40,45
R00082,0,0,CLONE_INTERVAL,T1,t1_add_eol_comment,6,11,6,11
R00082,1,0,MUTATION,T1,t1_add_eol_comment,9,9,9,9
R00082,2,1,CLONE_INTERVAL,T2,t2_change_string_literal,15,23,15,23
R00082,3,1,MUTATION,T2,t2_change_string_literal,18,18,18,18
R00082,4,-1,UNTOUCHED,T1,none,3,5,3,5
R00082,5,-1,UNTOUCHED,T1,none,12,14,12,14
R00082,6,-1,UNTOUCHED,T1,none,24,33,24,33
R00083,0,0,CLONE_INTERVAL,T3,t3_delete_statement,9,14,8,12
R00083,1,0,MUTATION,T3,t3_delete_statement,13,13,,
R00083,2,1,CLONE_INTERVAL,T2,t2_change_int_literal,25,30,23,28
R00083,3,1,MUTATION,T2,t2_change_int_literal,26,26,24,24
R00083,4,-1,UNTOUCHED,T1,none,5,8,4,7
R00083,5,-1,UNTOUCHED,T1,none,15,24,13,22
R00083,6,-1,UNTOUCHED,T1,none,31,33,29,31
R00084,0,0,CLONE_INTERVAL,T3,t3_insert_statement,6,11,6,11
R00084,1,0,MUTATION,T3,t3_insert_statement,,,12,12
R00084,2,1,CLONE_INTERVAL,T3,t3_insert_statement,18,23,19,25
R00084,3,1,MUTATION,T3,t3_insert_statement,,,24,24
R00084,4,-1,UNTOUCHED,T1,none,3,5,3,5
R00084,5,-1,UNTOUCHED,T1,none,12,17,13,18
R00084,6,-1,UNTOUCHED,T1,none,24,31,26,33
R00085,0,0,CLONE_INTERVAL,T1,t1_add_eol_comment,7,12,7,12
R00085,1,0,MUTATION,T1,t1_add_eol_comment,8,8,8,8
R00085,2,1,CLONE_INTERVAL,T2,t2_change_int_literal,30,45,30,45
R00085,3,1,MUTATION,T2,t2_change_int_literal,30,30,30,30
R00085,4,-1,UNTOUCHED,T1,none,4,6,4,6
R00085,5,-1,UNTOUCHED,T1,none,13,17,13,17
R00085,6,-1,UNTOUCHED,T1,none,19,29,19,29
R00085,7,-1,UNTOUCHED,T1,none,46,52,46,52
R00086,0,0,CLONE_INTERVAL,T2,t2_rename_local_x1,33,38,33,38
R00086,1,0,MUTATION,T2,t2_rename_local_x1,33,35,33,35
R00086,3,1,CLONE_INTERVAL,T1,t1_reindent,118,125,118,125
R00086,4,1,MUTATION,T1,t1_reindent,118,125,118,125
R00086,5,-1,UNTOUCHED,T1,none,24,32,24,32
R00086,6,-1,UNTOUCHED,T1,none,39,43,39,43
R00086,7,-1,UNTOUCHED,T1,none,113,117,113,117
R00086,8,-1,UNTOUCHED,T1,none,126,128,126,128
R00087,0,0,CLONE_INTERVAL,T1,t1_reindent,12,17,12,17
R00087,1,0,MUTATION,T1,t1_reindent,12,17,12,17
R00087,2,1,CLONE_INTERVAL,T2,t2_change_string_literal,25,31,25,31
R00087,3,1,MUTATION,T2,t2_change_string_literal,26,26,26,26
R00087,4,-1,UNTOUCHED,T1,none,3,11,3,11
R00087,5,-1,UNTOUCHED,T1,none,18,24,18,24
R00087,6,-1,UNTOUCHED,T1,none,32,37,32,37
R00088,0,0,CLONE_INTERVAL,T3,t3_insert_statement,10,15,10,16
R00088,1,0,MUTATION,T3,t3_insert_statement,,,11,11
R00088,2,1,CLONE_INTERVAL,T2,t2_change_int_literal,26,32,27,33
R00088,3,1,MUTATION,T2,t2_change_int_literal,26,26,27,27
R00088,4,-1,UNTOUCHED,T1,none,7,9,7,9
R00088,5,-1,UNTOUCHED,T1,none,16,25,17,26
R00088,6,-1,UNTOUCHED,T1,none,33,47,34,48
R00089,0,0,CLONE_INTERVAL,T3,t3_wrap_statement,14,19,14,21
R00089,1,0,MUTATION,T3,t3_wrap_statement,,,14,14
R00089,2,1,CLONE_INTERVAL,T3,t3_wrap_statement,30,38,32,42
R00089,3,1,MUTATION,T3,t3_wrap_statement,,,33,33
R00089,4,-1,UNTOUCHED,T1,none,8,13,8,13
R00089,5,-1,UNTOUCHED,T1,none,20,29,22,31
R00089,6,-1,UNTOUCHED,T1,none,39,45,43,49
R00090,0,0,CLONE_INTERVAL,T3,t3_wrap_statement,7,13,7,15
R00090,1,0,MUTATION,T3,t3_wrap_statement,,,10,10
R00090,2,1,CLONE_INTERVAL,T1,t1_reindent,21,33,23,35
R00090,3,1,MUTATION,T1,t1_reindent,21,33,23,35
R00090,6,-1,UNTOUCHED,T1,none,4,6,4,6
R00090,7,-1,UNTOUCHED,T1,none,14,20,16,22
R00090,8,-1,UNTOUCHED,T1,none,34,38,36,40
R00091,0,0,CLONE_INTERVAL,T1,t1_add_eol_comment,8,13,8,13
R00091,1,0,MUTATION,T1,t1_add_eol_comment,13,13,13,13
R00091,2,1,CLONE_INTERVAL,T2,t2_change_int_literal,35,41,35,41
R00091,3,1,MUTATION,T2,t2_change_int_literal,35,35,35,35
R00091,4,-1,UNTOUCHED,T1,none,5,7,5,7
R00091,5,-1,UNTOUCHED,T1,none,14,34,14,34
R00091,6,-1,UNTOUCHED,T1,none,42,49,42,49
R00092,0,0,CLONE_INTERVAL,T1,t1_add_blank_line,128,133,128,134
R00092,1,0,MUTATION,T1,t1_add_blank_line,,,131,131
R00092,2,1,CLONE_INTERVAL,T1,t1_add_blank_line,147,152,148,154
R00092,3,1,MUTATION,T1,t1_add_blank_line,,,149,149
R00092,4,-1,UNTOUCHED,T1,none,125,127,125,127
R00092,5,-1,UNTOUCHED,T1,none,134,142,135,143
R00092,6,-1,UNTOUCHED,T1,none,144,146,145,147
R00092,7,-1,UNTOUCHED,T1,none,153,161,155,163
R00093,0,0,CLONE_INTERVAL,T3,t3_wrap_statement,11,18,11,20
R00093,1,0,MUTATION,T3,t3_wrap_statement,,,12,12
R00093,2,1,CLONE_INTERVAL,T1,t1_add_blank_line,27,34,29,37
R00093,3,1,MUTATION,T1,t1_add_blank_line,,,31,31
R00093,4,-1,UNTOUCHED,T1,none,3,10,3,10
R00093,5,-1,UNTOUCHED,T1,none,19,26,21,28
R00093,6,-1,UNTOUCHED,T1,none,35,42,38,45
R00094,0,0,CLONE_INTERVAL,T2,t2_change_int_literal,9,14,9,14
R00094,1,0,MUTATION,T2,t2_change_int_literal,12,12,12,12
R00094,2,1,CLONE_INTERVAL,T2,t2_change_int_literal,23,32,23,32
R00094,3,1,MUTATION,T2,t2_change_int_literal,23,23,23,23
R00094,4,-1,UNTOUCHED,T1,none,4,8,4,8
R00094,5,-1,UNTOUCHED,T1,none,15,22,15,22
R00094,6,-1,UNTOUCHED,T1,none,33,39,33,39
R00095,0,0,CLONE_INTERVAL,T3,t3_delete_statement,12,17,12,16
R00095,1,0,MUTATION,T3,t3_delete_statement,16,16,,
R00095,2,1,CLONE_INTERVAL,T3,t3_delete_statement,23,31,22,29
R00095,3,1,MUTATION,T3,t3_delete_statement,23,23,,
R00095,4,-1,UNTOUCHED,T1,none,8,11,8,11
R00095,5,-1,UNTOUCHED,T1,none,18,22,17,21
R00095,6,-1,UNTOUCHED,T1,none,32,34,30,32
R00096,0,0,CLONE_INTERVAL,T1,t1_add_block_comment,60,65,60,66
R00096,1,0,MUTATION,T1,t1_add_block_comment,,,63,63
R00096,2,1,CLONE_INTERVAL,T1,t1_add_block_comment,117,125,118,127
R00096,3,1,MUTATION,T1,t1_add_block_comment,,,125,125
R00096,4,-1,UNTOUCHED,T1,none,55,59,55,59
R00096,5,-1,UNTOUCHED,T1,none,66,80,67,81
R00096,6,-1,UNTOUCHED,T1,none,114,116,115,117
R00096,7,-1,UNTOUCHED,T1,none,126,140,128,142
R00097,0,0,CLONE_INTERVAL,T1,t1_add_blank_line,6,11,6,12
R00097,1,0,MUTATION,T1,t1_add_blank_line,,,8,8
R00097,2,1,CLONE_INTERVAL,T2,t2_change_int_literal,15,22,16,23
R00097,3,1,MUTATION,T2,t2_change_int_literal,16,16,17,17
R00097,4,-1,UNTOUCHED,T1,none,3,5,3,5
R00097,5,-1,UNTOUCHED,T1,none,12,14,13,15
R00097,6,-1,UNTOUCHED,T1,none,23,38,24,39
R00098,0,0,CLONE_INTERVAL,T1,t1_add_block_comment,34,44,34,45
R00098,1,0,MUTATION,T1,t1_add_block_comment,,,41,41
R00098,2,1,CLONE_INTERVAL,T1,t1_add_block_comment,247,255,248,257
R00098,3,1,MUTATION,T1,t1_add_block_comment,,,252,252
R00098,4,-1,UNTOUCHED,T1,none,31,33,31,33
R00098,5,-1,UNTOUCHED,T1,none,45,64,46,65
R00098,6,-1,UNTOUCHED,T1,none,244,246,245,247
R00098,7,-1,UNTOUCHED,T1,none,256,262,258,264
R00099,0,0,CLONE_INTERVAL,T3,t3_insert_statement,96,101,94,100
R00099,1,0,MUTATION,T3,t3_insert_statement,,,97,97
R00099,2,1,CLONE_INTERVAL,T3,t3_delete_statement,124,131,123,129
R00099,3,1,MUTATION,T3,t3_delete_statement,127,127,,
R00099,4,-1,UNTOUCHED,T1,none,92,95,90,93
R00099,5,-1,UNTOUCHED,T1,none,102,104,101,103
R00099,6,-1,UNTOUCHED,T1,none,117,123,116,122
R00099,7,-1,UNTOUCHED,T1,none,132,134,130,132
R00100,0,0,CLONE_INTERVAL,T1,t1_add_eol_comment,57,64,57,64
R00100,1,0,MUTATION,T1,t1_add_eol_comment,64,64,64,64
R00100,2,1,CLONE_INTERVAL,T2,t2_rename_local_x1,73,80,73,80
R00100,3,1,MUTATION,T2,t2_rename_local_x1,74,76,74,76
R00100,3,1,MUTATION,T2,t2_rename_local_x1,78,78,78,78
R00100,5,-1,UNTOUCHED,T1,none,54,56,54,56
R00100,6,-1,UNTOUCHED,T1,none,65,67,65,67
R00100,7,-1,UNTOUCHED,T1,none,70,72,70,72
R00100,8,-1,UNTOUCHED,T1,none,81,83,81,83
R00101,0,0,CLONE_INTERVAL,T3,t3_wrap_statement,182,187,182,189
R00101,1,0,MUTATION,T3,t3_wrap_statement,,,183,183
R00101,2,1,CLONE_INTERVAL,T1,t1_reindent,201,206,203,208
R00101,3,1,MUTATION,T1,t1_reindent,201,206,203,208
R00101,4,-1,UNTOUCHED,T1,none,179,181,179,181
R00101,5,-1,UNTOUCHED,T1,none,188,196,190,198
R00101,6,-1,UNTOUCHED,T1,none,198,200,200,202
R00101,7,-1,UNTOUCHED,T1,none,207,215,209,217
R00102,0,0,CLONE_INTERVAL,T1,t1_reindent,12,19,12,19
R00102,1,0,MUTATION,T1,t1_reindent,12,19,12,19
R00102,2,1,CLONE_INTERVAL,T3,t3_delete_statement,27,32,27,31
R00102,3,1,MUTATION,T3,t3_delete_statement,32,32,,
R00102,4,-1,UNTOUCHED,T1,none,3,11,3,11
R00102,5,-1,UNTOUCHED,T1,none,20,26,20,26
R00102,6,-1,UNTOUCHED,T1,none,33,37,32,36
R00103,0,0,CLONE_INTERVAL,T1,t1_reindent,84,91,84,91
R00103,1,0,MUTATION,T1,t1_reindent,84,91,84,91
R00103,2,1,CLONE_INTERVAL,T1,t1_add_blank_line,95,106,95,107
R00103,3,1,MUTATION,T1,t1_add_blank_line,,,103,103
R00103,4,-1,UNTOUCHED,T1,none,78,83,78,83
R00103,5,-1,UNTOUCHED,T1,none,92,94,92,94
R00103,6,-1,UNTOUCHED,T1,none,107,114,108,115
R00104,0,0,CLONE_INTERVAL,T1,t1_reindent,8,14,8,14
R00104,1,0,MUTATION,T1,t1_reindent,8,14,8,14
R00104,2,1,CLONE_INTERVAL,T2,t2_rename_local_x1,18,27,18,27
R00104,3,1,MUTATION,T2,t2_rename_local_x1,18,18,18,18
R00104,3,1,MUTATION,T2,t2_rename_local_x1,20,20,20,20
R00104,3,1,MUTATION,T2,t2_rename_local_x1,26,26,26,26
R00104,6,-1,UNTOUCHED,T1,none,4,7,4,7
R00104,7,-1,UNTOUCHED,T1,none,15,17,15,17
R00104,8,-1,UNTOUCHED,T1,none,28,33,28,33
R00105,0,0,CLONE_INTERVAL,T2,t2_rename_local_x1,6,11,6,11
R00105,1,0,MUTATION,T2,t2_rename_local_x1,10,11,10,11
R00105,2,1,CLONE_INTERVAL,T1,t1_add_eol_comment,15,20,15,20
R00105,3,1,MUTATION,T1,t1_add_eol_comment,17,17,17,17
R00105,4,-1,UNTOUCHED,T1,none,3,5,3,5
R00105,5,-1,UNTOUCHED,T1,none,12,14,12,14
R00105,6,-1,UNTOUCHED,T1,none,21,23,21,23
R00106,0,0,CLONE_INTERVAL,T2,t2_change_int_literal,6,11,6,11
R00106,1,0,MUTATION,T2,t2_change_int_literal,6,6,6,6
R00106,2,1,CLONE_INTERVAL,T3,t3_insert_statement,15,20,15,21
R00106,3,1,MUTATION,T3,t3_insert_statement,,,18,18
R00106,4,-1,UNTOUCHED,T1,none,3,5,3,5
R00106,5,-1,UNTOUCHED,T1,none,12,14,12,14
R00106,6,-1,UNTOUCHED,T1,none,21,26,22,27
R00107,0,0,CLONE_INTERVAL,T3,t3_insert_statement,75,81,75,81
R00107,1,0,MUTATION,T3,t3_insert_statement,,,82,82
R00107,2,1,CLONE_INTERVAL,T3,t3_wrap_statement,86,96,87,99
R00107,3,1,MUTATION,T3,t3_wrap_statement,,,90,90
R00107,4,-1,UNTOUCHED,T1,none,68,74,68,74
R00107,5,-1,UNTOUCHED,T1,none,82,85,83,86
R00107,6,-1,UNTOUCHED,T1,none,97,104,100,107
R00108,0,0,CLONE_INTERVAL,T2,t2_change_int_literal,6,11,6,11
R00108,1,0,MUTATION,T2,t2_change_int_literal,8,8,8,8
R00108,2,1,CLONE_INTERVAL,T1,t1_reindent,15,21,15,21
R00108,3,1,MUTATION,T1,t1_reindent,15,21,15,21
R00108,4,-1,UNTOUCHED,T1,none,3,5,3,5
R00108,5,-1,UNTOUCHED,T1,none,12,14,12,14
R00108,6,-1,UNTOUCHED,T1,none,22,28,22,28
R00109,0,0,CLONE_INTERVAL,T1,t1_add_eol_comment,17,22,17,22
R00109,1,0,MUTATION,T1,t1_add_eol_comment,17,17,17,17
R00109,2,1,CLONE_INTERVAL,T1,t1_add_block_comment,26,31,26,32
R00109,3,1,MUTATION,T1,t1_add_block_comment,,,28,28
R00109,4,-1,UNTOUCHED,T1,none,13,16,13,16
R00109,5,-1,UNTOUCHED,T1,none,23,25,23,25
R00109,6,-1,UNTOUCHED,T1,none,32,36,33,37
R00110,0,0,CLONE_INTERVAL,T1,t1_add_block_comment,12,19,12,20
R00110,1,0,MUTATION,T1,t1_add_block_comment,,,19,19
R00110,2,1,CLONE_INTERVAL,T2,t2_rename_local_x1,23,29,24,30
R00110,3,1,MUTATION,T2,t2_rename_local_x1,27,28,28,29
R00110,4,-1,UNTOUCHED,T1,none,8,11,8,11
R00110,5,-1,UNTOUCHED,T1,none,20,22,21,23
R00110,6,-1,UNTOUCHED,T1,none,30,35,31,36
R00111,0,0,CLONE_INTERVAL,T1,t1_add_eol_comment,7,12,7,12
R00111,1,0,MUTATION,T1,t1_add_eol_comment,12,12,12,12
R00111,2,1,CLONE_INTERVAL,T2,t2_change_string_literal,17,50,17,50
R00111,3,1,MUTATION,T2,t2_change_string_literal,29,29,29,29
R00111,4,-1,UNTOUCHED,T1,none,3,6,3,6
R00111,5,-1,UNTOUCHED,T1,none,13,16,13,16
R00111,6,-1,UNTOUCHED,T1,none,51,58,51,58
R00112,0,0,CLONE_INTERVAL,T2,t2_change_string_literal,7,12,7,12
R00112,1,0,MUTATION,T2,t2_change_string_literal,7,7,7,7
R00112,2,1,CLONE_INTERVAL,T3,t3_wrap_statement,16,21,16,23
R00112,3,1,MUTATION,T3,t3_wrap_statement,,,16,16
R00112,4,-1,UNTOUCHED,T1,none,3,6,3,6
R00112,5,-1,UNTOUCHED,T1,none,13,15,13,15
R00112,6,-1,UNTOUCHED,T1,none,22,28,24,30
R00113,0,0,CLONE_INTERVAL,T2,t2_change_string_literal,8,13,8,13
R00113,1,0,MUTATION,T2,t2_change_string_literal,10,10,10,10
R00113,2,1,CLONE_INTERVAL,T3,t3_insert_statement,20,31,20,32
R00113,3,1,MUTATION,T3,t3_insert_statement,,,21,21
R00113,4,-1,UNTOUCHED,T1,none,5,7,5,7
R00113,5,-1,UNTOUCHED,T1,none,14,19,14,19
R00113,6,-1,UNTOUCHED,T1,none,32,42,33,43
R00114,0,0,CLONE_INTERVAL,T1,t1_add_block_comment,9,14,9,15
R00114,1,0,MUTATION,T1,t1_add_block_comment,,,11,11
R00114,2,1,CLONE_INTERVAL,T3,t3_insert_statement,18,24,19,26
R00114,3,1,MUTATION,T3,t3_insert_statement,,,20,20
R00114,4,-1,UNTOUCHED,T1,none,4,8,4,8
R00114,5,-1,UNTOUCHED,T1,none,15,17,16,18
R00114,6,-1,UNTOUCHED,T1,none,25,30,27,32
R00115,0,0,CLONE_INTERVAL,T3,t3_insert_statement,13,21,13,21
R00115,1,0,MUTATION,T3,t3_insert_statement,,,22,22
R00115,2,1,CLONE_INTERVAL,T1,t1_add_eol_comment,97,102,98,103
R00115,3,1,MUTATION,T1,t1_add_eol_comment,98,98,99,99
R00115,4,-1,UNTOUCHED,T1,none,10,12,10,12
R00115,5,-1,UNTOUCHED,T1,none,22,28,23,29
R00115,6,-1,UNTOUCHED,T1,none,92,96,93,97
R00115,7,-1,UNTOUCHED,T1,none,103,117,104,118
R00116,0,0,CLONE_INTERVAL,T3,t3_insert_statement,16,22,16,22
R00116,1,0,MUTATION,T3,t3_insert_statement,,,23,23
R00116,2,1,CLONE_INTERVAL,T1,t1_add_block_comment,86,91,87,93
R00116,3,1,MUTATION,T1,t1_add_block_comment,,,91,91
R00116,4,-1,UNTOUCHED,T1,none,11,15,11,15
R00116,5,-1,UNTOUCHED,T1,none,23,25,24,26
R00116,6,-1,UNTOUCHED,T1,none,83,85,84,86
R00116,7,-1,UNTOUCHED,T1,none,92,106,94,108
R00117,0,0,CLONE_INTERVAL,T1,t1_reindent,8,14,8,14
R00117,1,0,MUTATION,T1,t1_reindent,8,14,8,14
R00117,2,1,CLONE_INTERVAL,T3,t3_wrap_statement,95,101,95,103
R00117,3,1,MUTATION,T3,t3_wrap_statement,,,98,98
R00117,4,-1,UNTOUCHED,T1,none,5,7,5,7
R00117,5,-1,UNTOUCHED,T1,none,15,22,15,22
R00117,6,-1,UNTOUCHED,T1,none,91,94,91,94
R00117,7,-1,UNTOUCHED,T1,none,102,116,104,118
